cell_id,latitude,longitude,vegetation_cover,edge_density,mean_patch_size,patch_count,connectivity_index,land_cover_diversity,dominant_land_cover,total_pixels,fragmentation_status
cell_0_0,37.404763157894735,56.44902631578947,0.06,1.520880816798785,50.0,2,0.8342445235171418,3,16,100,Moderately Fragmented
cell_0_2,37.404763157894735,58.25313157894736,0.1,1.5770089456237504,50.0,3,0.5350438710379817,6,14,150,Moderately Fragmented
cell_0_3,37.404763157894735,59.155184210526315,0.08666666666666667,1.6510483520176809,50.0,3,0.6073697217734446,3,0,150,Moderately Fragmented
cell_0_4,37.404763157894735,60.057236842105254,0.09333333333333334,1.7053561690955399,50.0,3,0.519756672885614,3,12,150,Moderately Fragmented
cell_0_5,37.404763157894735,60.95928947368421,0.06,1.5333694682411279,50.0,1,1.0,3,12,50,Moderately Fragmented
cell_0_6,37.404763157894735,61.86134210526316,0.06,1.4424462859173643,50.0,1,1.0,1,12,50,Moderately Fragmented
cell_0_7,37.404763157894735,62.7633947368421,0.18,1.9050134003631916,50.0,2,0.510968584053962,2,16,100,Moderately Fragmented
cell_0_9,37.404763157894735,64.5675,0.26,1.924660339965836,50.0,2,0.5387278069853996,2,6,100,Moderately Fragmented
cell_0_11,37.404763157894735,66.3716052631579,0.21,2.118497206588975,50.0,2,0.5083933799177712,3,13,100,Moderately Fragmented
cell_0_12,37.404763157894735,67.27365789473684,0.58,1.8542064847991333,50.0,2,0.8749834105476336,3,16,100,Moderately Fragmented
cell_0_13,37.404763157894735,68.17571052631578,0.32666666666666666,2.073103392858199,50.0,3,0.3179649938297463,3,12,150,Moderately Fragmented
cell_0_14,37.404763157894735,69.07776315789474,0.45,1.6606286707281357,50.0,2,0.4084230217289091,2,12,100,Moderately Fragmented
cell_0_15,37.404763157894735,69.97981578947369,0.38,1.9172781286216747,50.0,1,1.0,4,7,50,Moderately Fragmented
cell_0_16,37.404763157894735,70.88186842105263,0.08,1.6570535304475333,50.0,2,0.545971676010867,3,12,100,Moderately Fragmented
cell_0_17,37.404763157894735,71.78392105263157,0.28,1.8610906398675149,50.0,2,0.7395762369601225,2,16,100,Moderately Fragmented
cell_0_18,37.404763157894735,72.68597368421052,0.28,2.091976415873903,50.0,2,0.671458868535754,3,12,100,Moderately Fragmented
cell_1_0,37.84628947368421,56.44902631578947,0.23333333333333334,2.088514128530158,50.0,3,0.477639797506495,3,12,150,Moderately Fragmented
cell_1_1,37.84628947368421,57.35107894736842,0.1,1.6400018593808052,50.0,2,0.3884478952332082,4,7,100,Moderately Fragmented
cell_1_2,37.84628947368421,58.25313157894736,0.26,1.9387379622533887,50.0,2,0.8967262902084729,1,16,100,Moderately Fragmented
cell_1_3,37.84628947368421,59.155184210526315,0.22,1.980953314561744,50.0,4,0.18490756846396672,2,16,200,Highly Fragmented
cell_1_4,37.84628947368421,60.057236842105254,0.1,1.7319926720668026,50.0,1,1.0,1,16,50,Moderately Fragmented
cell_1_5,37.84628947368421,60.95928947368421,0.42,1.9092550296999002,50.0,1,1.0,4,16,50,Moderately Fragmented
cell_1_6,37.84628947368421,61.86134210526316,0.25,1.924399016577867,50.0,4,0.5372183004928843,3,10,200,Moderately Fragmented
cell_1_7,37.84628947368421,62.7633947368421,0.23,1.8211679103708356,50.0,2,0.8633258429149389,5,10,100,Moderately Fragmented
cell_1_8,37.84628947368421,63.66544736842105,0.12,1.8750652519764657,50.0,1,1.0,3,12,50,Moderately Fragmented
cell_1_9,37.84628947368421,64.5675,0.36,1.488560416431485,50.0,1,1.0,0,16,50,Moderately Fragmented
cell_1_10,37.84628947368421,65.46955263157895,0.06,1.6261000772758838,50.0,1,1.0,1,14,50,Moderately Fragmented
cell_1_11,37.84628947368421,66.3716052631579,0.25,1.9719622406967479,50.0,2,0.9083693919822162,2,12,100,Moderately Fragmented
cell_1_12,37.84628947368421,67.27365789473684,0.25,2.0543520700676603,50.0,2,0.7948156198027585,2,14,100,Moderately Fragmented
cell_1_13,37.84628947368421,68.17571052631578,0.56,2.01707497681089,50.0,1,1.0,4,12,50,Moderately Fragmented
cell_1_14,37.84628947368421,69.07776315789474,0.06,1.5428243041200598,50.0,1,1.0,2,12,50,Moderately Fragmented
cell_1_15,37.84628947368421,69.97981578947369,0.08,1.6659238385248376,50.0,1,1.0,1,12,50,Moderately Fragmented
cell_1_16,37.84628947368421,70.88186842105263,0.04,1.442872954587744,50.0,1,1.0,3,12,50,Moderately Fragmented
cell_1_17,37.84628947368421,71.78392105263157,0.204,1.906309793616947,50.0,5,0.40453061345299535,3,6,250,Moderately Fragmented
cell_1_18,37.84628947368421,72.68597368421052,0.42,1.8818999368020541,50.0,1,1.0,3,16,50,Moderately Fragmented
cell_2_0,38.28781578947368,56.44902631578947,0.05,1.421635708518392,50.0,2,0.5738331657831507,3,0,100,Moderately Fragmented
cell_2_1,38.28781578947368,57.35107894736842,0.07,1.7108175544423703,50.0,2,0.41322119392634316,2,16,100,Moderately Fragmented
cell_2_2,38.28781578947368,58.25313157894736,0.26,1.829663757875426,50.0,2,0.8015249488185959,0,16,100,Moderately Fragmented
cell_2_3,38.28781578947368,59.155184210526315,0.12,1.6030337337702405,50.0,2,0.5861550602750665,4,7,100,Moderately Fragmented
cell_2_4,38.28781578947368,60.057236842105254,0.204,1.9530435409431288,50.0,5,0.5838433060491509,2,16,250,Moderately Fragmented
cell_2_7,38.28781578947368,62.7633947368421,0.2,2.057582082906247,50.0,3,0.37147726780329304,3,12,150,Moderately Fragmented
cell_2_9,38.28781578947368,64.5675,0.25,2.010222912684042,50.0,2,0.5226005921096227,1,16,100,Moderately Fragmented
cell_2_11,38.28781578947368,66.3716052631579,0.14,1.6530948398225944,50.0,1,1.0,4,12,50,Moderately Fragmented
cell_2_13,38.28781578947368,68.17571052631578,0.54,2.1732383860760796,50.0,1,1.0,3,16,50,Moderately Fragmented
cell_2_14,38.28781578947368,69.07776315789474,0.12,1.5183835741609883,50.0,1,1.0,5,16,50,Moderately Fragmented
cell_2_16,38.28781578947368,70.88186842105263,0.02,1.5802474037035619,50.0,1,1.0,1,12,50,Moderately Fragmented
cell_2_18,38.28781578947368,72.68597368421052,0.06,1.758700774415425,50.0,1,1.0,5,16,50,Moderately Fragmented
cell_3_0,38.72934210526316,56.44902631578947,0.12666666666666668,1.8007906371753228,50.0,3,0.6678148611186402,2,12,150,Moderately Fragmented
cell_3_2,38.72934210526316,58.25313157894736,0.5,1.7714385908302719,50.0,1,1.0,2,10,50,Moderately Fragmented
cell_3_3,38.72934210526316,59.155184210526315,0.07,1.6442501341719682,50.0,2,0.6790633283054941,3,0,100,Moderately Fragmented
cell_3_4,38.72934210526316,60.057236842105254,0.12,1.6839171623147944,50.0,1,1.0,3,12,50,Moderately Fragmented
cell_3_5,38.72934210526316,60.95928947368421,0.06,1.56308662720278,50.0,1,1.0,4,16,50,Moderately Fragmented
cell_3_6,38.72934210526316,61.86134210526316,0.28,2.0700109493466066,50.0,2,0.5212612741376078,2,12,100,Moderately Fragmented
cell_3_7,38.72934210526316,62.7633947368421,0.18666666666666668,2.01098871755146,50.0,3,0.37112945615526305,1,16,150,Moderately Fragmented
cell_3_11,38.72934210526316,66.3716052631579,0.4,2.012800840795586,50.0,1,1.0,1,12,50,Moderately Fragmented
cell_3_12,38.72934210526316,67.27365789473684,0.44,2.022360796851472,50.0,1,1.0,2,16,50,Moderately Fragmented
cell_3_14,38.72934210526316,69.07776315789474,0.07,1.6964814624031768,50.0,2,0.7713063688064381,1,12,100,Moderately Fragmented
cell_3_15,38.72934210526316,69.97981578947369,0.4,1.953544341266244,50.0,1,1.0,2,12,50,Moderately Fragmented
cell_3_16,38.72934210526316,70.88186842105263,0.06,1.5793238818590942,50.0,1,1.0,3,12,50,Moderately Fragmented
cell_3_17,38.72934210526316,71.78392105263157,0.16,1.7865220687410919,50.0,1,1.0,1,12,50,Moderately Fragmented
cell_3_18,38.72934210526316,72.68597368421052,0.14,1.7423127968543581,50.0,2,0.698063572264211,3,16,100,Moderately Fragmented
cell_4_2,39.17086842105263,58.25313157894736,0.12,1.7712838996174654,50.0,1,1.0,1,12,50,Moderately Fragmented
cell_4_3,39.17086842105263,59.155184210526315,0.04,1.615059447771767,50.0,1,1.0,2,14,50,Moderately Fragmented
cell_4_6,39.17086842105263,61.86134210526316,0.08,1.678982688719874,50.0,2,0.7725239567686941,2,7,100,Moderately Fragmented
cell_4_7,39.17086842105263,62.7633947368421,0.04,1.56244470769893,50.0,1,1.0,3,6,50,Moderately Fragmented
cell_4_8,39.17086842105263,63.66544736842105,0.21,1.9521862083307893,50.0,2,0.8512046307806194,5,12,100,Moderately Fragmented
cell_4_9,39.17086842105263,64.5675,0.1,1.6892914631133362,50.0,2,0.6342952770962152,3,12,100,Moderately Fragmented
cell_4_10,39.17086842105263,65.46955263157895,0.31333333333333335,2.0284380829684805,50.0,3,0.5040430733248498,2,12,150,Moderately Fragmented
cell_4_11,39.17086842105263,66.3716052631579,0.59,1.819244306514879,50.0,2,0.7386199248614913,3,16,100,Moderately Fragmented
cell_4_12,39.17086842105263,67.27365789473684,0.34,1.6572449114006265,50.0,1,1.0,2,16,50,Moderately Fragmented
cell_4_15,39.17086842105263,69.97981578947369,0.04,1.604420263539446,50.0,1,1.0,2,12,50,Moderately Fragmented
cell_4_16,39.17086842105263,70.88186842105263,0.4,1.8192404045514452,50.0,1,1.0,2,16,50,Moderately Fragmented
cell_4_17,39.17086842105263,71.78392105263157,0.28,1.9644908895945137,50.0,3,0.35852805912471086,4,16,150,Moderately Fragmented
cell_5_0,39.612394736842106,56.44902631578947,0.1,1.5595681778079404,50.0,1,1.0,0,16,50,Moderately Fragmented
cell_5_2,39.612394736842106,58.25313157894736,0.224,2.086174377796403,50.0,5,0.41686207739740344,2,7,250,Moderately Fragmented
cell_5_3,39.612394736842106,59.155184210526315,0.18,1.5180248266338514,50.0,1,1.0,3,12,50,Moderately Fragmented
cell_5_4,39.612394736842106,60.057236842105254,0.28,1.892242121998609,50.0,2,0.8204318223006466,2,16,100,Moderately Fragmented
cell_5_5,39.612394736842106,60.95928947368421,0.04,1.4150498906926825,50.0,2,0.5909636309198845,1,12,100,Moderately Fragmented
cell_5_6,39.612394736842106,61.86134210526316,0.19,1.9536686493589415,50.0,2,0.566003532927262,1,16,100,Moderately Fragmented
cell_5_7,39.612394736842106,62.7633947368421,0.22666666666666666,1.879278733359534,50.0,3,0.6152512877574304,2,7,150,Moderately Fragmented
cell_5_8,39.612394736842106,63.66544736842105,0.12,1.8328625944306884,50.0,2,0.527114910129652,2,7,100,Moderately Fragmented
cell_5_9,39.612394736842106,64.5675,0.28,1.8407622284434462,50.0,1,1.0,1,14,50,Moderately Fragmented
cell_5_10,39.612394736842106,65.46955263157895,0.46,1.629033551095135,50.0,1,1.0,2,7,50,Moderately Fragmented
cell_5_12,39.612394736842106,67.27365789473684,0.6,1.896881500357141,50.0,2,0.584870029661365,0,16,100,Moderately Fragmented
cell_5_13,39.612394736842106,68.17571052631578,0.44,1.883227836008128,50.0,1,1.0,0,16,50,Moderately Fragmented
cell_5_15,39.612394736842106,69.97981578947369,0.06,1.651568270688889,50.0,1,1.0,3,12,50,Moderately Fragmented
cell_5_16,39.612394736842106,70.88186842105263,0.54,2.0852984557126817,50.0,1,1.0,2,12,50,Moderately Fragmented
cell_5_18,39.612394736842106,72.68597368421052,0.38,1.6266471799427915,50.0,1,1.0,3,6,50,Moderately Fragmented
cell_6_0,40.05392105263158,56.44902631578947,0.44,1.9898812173205562,50.0,1,1.0,4,6,50,Moderately Fragmented
cell_6_1,40.05392105263158,57.35107894736842,0.06,1.694389708260367,50.0,1,1.0,1,12,50,Moderately Fragmented
cell_6_2,40.05392105263158,58.25313157894736,0.06,1.6980225376836864,50.0,2,0.2648268448187229,3,12,100,Highly Fragmented
cell_6_4,40.05392105263158,60.057236842105254,0.24666666666666667,1.9362417039602897,50.0,3,0.5760751324610476,2,16,150,Moderately Fragmented
cell_6_5,40.05392105263158,60.95928947368421,0.08,1.5392507395869615,50.0,1,1.0,4,12,50,Moderately Fragmented
cell_6_6,40.05392105263158,61.86134210526316,0.05333333333333334,1.6643676783628412,50.0,3,0.46841469233493016,4,16,150,Moderately Fragmented
cell_6_7,40.05392105263158,62.7633947368421,0.02,1.3557544308139124,50.0,1,1.0,3,14,50,Moderately Fragmented
cell_6_8,40.05392105263158,63.66544736842105,0.41,1.8583817390708193,50.0,2,0.5493029882642826,2,16,100,Moderately Fragmented
cell_6_9,40.05392105263158,64.5675,0.17,1.4843602482423122,50.0,2,0.7662370429882934,1,16,100,Moderately Fragmented
cell_6_10,40.05392105263158,65.46955263157895,0.07,1.5353133639861123,50.0,2,0.8162735901871419,1,12,100,Moderately Fragmented
cell_6_11,40.05392105263158,66.3716052631579,0.285,2.1962121425456234,50.0,4,0.465289134964731,1,12,200,Moderately Fragmented
cell_6_12,40.05392105263158,67.27365789473684,0.66,1.957179469399706,50.0,2,0.39478504705964124,3,14,100,Moderately Fragmented
cell_6_14,40.05392105263158,69.07776315789474,0.62,1.8007485941394048,50.0,1,1.0,2,6,50,Moderately Fragmented
cell_6_15,40.05392105263158,69.97981578947369,0.21,2.080996199463798,50.0,2,0.7305010024111335,3,0,100,Moderately Fragmented
cell_6_16,40.05392105263158,70.88186842105263,0.44,1.9627204564457468,50.0,1,1.0,4,12,50,Moderately Fragmented
cell_6_17,40.05392105263158,71.78392105263157,0.08,1.7248793437976726,50.0,1,1.0,3,12,50,Moderately Fragmented
cell_6_18,40.05392105263158,72.68597368421052,0.18,1.6777306134365193,50.0,1,1.0,2,12,50,Moderately Fragmented
cell_7_2,40.495447368421054,58.25313157894736,0.1,1.7914202562061177,50.0,1,1.0,1,14,50,Moderately Fragmented
cell_7_3,40.495447368421054,59.155184210526315,0.08,1.6688917985468836,50.0,1,1.0,3,7,50,Moderately Fragmented
cell_7_4,40.495447368421054,60.057236842105254,0.08,1.556287953628832,50.0,1,1.0,2,12,50,Moderately Fragmented
cell_7_6,40.495447368421054,61.86134210526316,0.02,1.3811762176960194,50.0,1,1.0,5,10,50,Moderately Fragmented
cell_7_7,40.495447368421054,62.7633947368421,0.04,1.489548022954004,50.0,1,1.0,2,12,50,Moderately Fragmented
cell_7_9,40.495447368421054,64.5675,0.1,1.759809566683688,50.0,2,0.9611781920784987,3,12,100,Moderately Fragmented
cell_7_10,40.495447368421054,65.46955263157895,0.14,1.610411332116382,50.0,1,1.0,3,12,50,Moderately Fragmented
cell_7_11,40.495447368421054,66.3716052631579,0.04,1.5809684755868945,50.0,1,1.0,1,14,50,Moderately Fragmented
cell_7_12,40.495447368421054,67.27365789473684,0.02,1.5460710409074325,50.0,1,1.0,2,7,50,Moderately Fragmented
cell_7_13,40.495447368421054,68.17571052631578,0.5533333333333333,2.104009886849956,50.0,3,0.6023657505858444,2,0,150,Moderately Fragmented
cell_7_14,40.495447368421054,69.07776315789474,0.39,2.5572386055772527,50.0,2,0.2898496923539887,2,7,100,Highly Fragmented
cell_7_15,40.495447368421054,69.97981578947369,0.22,2.0704645022094166,50.0,4,0.4561264682869345,2,12,200,Moderately Fragmented
cell_7_16,40.495447368421054,70.88186842105263,0.42,2.735432470750175,50.0,2,0.5594039666148454,1,16,100,Moderately Fragmented
cell_7_17,40.495447368421054,71.78392105263157,0.62,1.9793681013806417,50.0,1,1.0,0,16,50,Moderately Fragmented
cell_8_0,40.93697368421053,56.44902631578947,0.4,1.6980921329489074,50.0,1,1.0,4,7,50,Moderately Fragmented
cell_8_2,40.93697368421053,58.25313157894736,0.19333333333333333,1.9532097336969803,50.0,3,0.25316802583811115,0,16,150,Highly Fragmented
cell_8_3,40.93697368421053,59.155184210526315,0.09,1.6655040677833857,50.0,2,0.940153494579971,2,12,100,Moderately Fragmented
cell_8_5,40.93697368421053,60.95928947368421,0.46,1.9167512056545872,50.0,1,1.0,4,16,50,Moderately Fragmented
cell_8_6,40.93697368421053,61.86134210526316,0.4,2.1408880894933393,50.0,1,1.0,3,12,50,Moderately Fragmented
cell_8_7,40.93697368421053,62.7633947368421,0.33,1.7646062336770973,50.0,2,0.7405459237221992,2,12,100,Moderately Fragmented
cell_8_8,40.93697368421053,63.66544736842105,0.52,1.6206240236336436,50.0,1,1.0,3,12,50,Moderately Fragmented
cell_8_9,40.93697368421053,64.5675,0.0,1.7201544770073491,50.0,1,1.0,2,14,50,Moderately Fragmented
cell_8_11,40.93697368421053,66.3716052631579,0.4,1.8820131950164765,50.0,1,1.0,2,7,50,Moderately Fragmented
cell_8_12,40.93697368421053,67.27365789473684,0.16,1.495274887962923,50.0,1,1.0,1,12,50,Moderately Fragmented
cell_8_15,40.93697368421053,69.97981578947369,0.43,2.2181073112258414,50.0,2,0.3263273436407701,4,10,100,Moderately Fragmented
cell_8_17,40.93697368421053,71.78392105263157,0.68,2.264393156319815,50.0,1,1.0,1,14,50,Moderately Fragmented
cell_8_18,40.93697368421053,72.68597368421052,0.44,2.016842665068817,50.0,3,0.5833042313756361,3,0,150,Moderately Fragmented
cell_9_0,41.3785,56.44902631578947,0.4,1.8062541847421445,50.0,1,1.0,4,12,50,Moderately Fragmented
cell_9_1,41.3785,57.35107894736842,0.48,1.9566612190998103,50.0,3,0.6602875497661778,1,12,150,Moderately Fragmented
cell_9_2,41.3785,58.25313157894736,0.38,1.9862975159117833,50.0,1,1.0,1,12,50,Moderately Fragmented
cell_9_3,41.3785,59.155184210526315,0.42,1.8923949773390623,50.0,1,1.0,2,6,50,Moderately Fragmented
cell_9_4,41.3785,60.057236842105254,0.43,1.888015973362602,50.0,2,0.2812344719272659,2,0,100,Highly Fragmented
cell_9_5,41.3785,60.95928947368421,0.36,1.8255136662396017,50.0,1,1.0,4,12,50,Moderately Fragmented
cell_9_7,41.3785,62.7633947368421,0.08,1.4880112856267078,50.0,1,1.0,2,12,50,Moderately Fragmented
cell_9_9,41.3785,64.5675,0.24,2.1464459061401304,50.0,2,0.14984036503968812,4,12,100,Highly Fragmented
cell_9_10,41.3785,65.46955263157895,0.48,2.0382247895897003,50.0,1,1.0,2,7,50,Moderately Fragmented
cell_9_11,41.3785,66.3716052631579,0.06666666666666667,1.5717469701070828,50.0,3,0.43970327213667537,1,12,150,Moderately Fragmented
cell_9_12,41.3785,67.27365789473684,0.04666666666666667,1.5579400675701556,50.0,3,0.7642795447348188,3,6,150,Moderately Fragmented
cell_9_14,41.3785,69.07776315789474,0.45,1.9890775880427838,50.0,2,0.7539431558509798,3,7,100,Moderately Fragmented
cell_9_15,41.3785,69.97981578947369,0.465,1.8732535236068861,50.0,4,0.6280640235919168,2,12,200,Moderately Fragmented
cell_9_16,41.3785,70.88186842105263,0.4,1.9485747769074482,50.0,1,1.0,2,7,50,Moderately Fragmented
cell_9_17,41.3785,71.78392105263157,0.38,2.2348297802895836,50.0,1,1.0,0,16,50,Moderately Fragmented
cell_10_0,41.82002631578948,56.44902631578947,0.46,1.7791026893048825,50.0,3,0.4879664623955936,1,12,150,Moderately Fragmented
cell_10_1,41.82002631578948,57.35107894736842,0.46,2.071595605926782,50.0,1,1.0,4,16,50,Moderately Fragmented
cell_10_2,41.82002631578948,58.25313157894736,0.44,1.9017237182748392,50.0,1,1.0,3,12,50,Moderately Fragmented
cell_10_3,41.82002631578948,59.155184210526315,0.48,1.987987140023577,50.0,2,0.9152683131527507,3,6,100,Moderately Fragmented
cell_10_4,41.82002631578948,60.057236842105254,0.32,1.6076834216441604,50.0,1,1.0,1,7,50,Moderately Fragmented
cell_10_5,41.82002631578948,60.95928947368421,0.34,1.924231253074178,50.0,1,1.0,1,16,50,Moderately Fragmented
cell_10_6,41.82002631578948,61.86134210526316,0.43,1.6498578842083025,50.0,2,0.9401699672076804,2,12,100,Moderately Fragmented
cell_10_7,41.82002631578948,62.7633947368421,0.12,1.7040498299161357,50.0,2,0.6999191321091643,1,16,100,Moderately Fragmented
cell_10_8,41.82002631578948,63.66544736842105,0.4,1.8408987377669725,50.0,1,1.0,1,12,50,Moderately Fragmented
cell_10_9,41.82002631578948,64.5675,0.3,2.0927061775216607,50.0,1,1.0,3,12,50,Moderately Fragmented
cell_10_10,41.82002631578948,65.46955263157895,0.1,1.5763854912050927,50.0,1,1.0,3,12,50,Moderately Fragmented
cell_10_11,41.82002631578948,66.3716052631579,0.0,1.194377707406959,50.0,1,1.0,4,12,50,Moderately Fragmented
cell_10_12,41.82002631578948,67.27365789473684,0.38,1.8669814130870628,50.0,2,0.8432143148456208,2,12,100,Moderately Fragmented
cell_10_14,41.82002631578948,69.07776315789474,0.44,2.1322723778301493,50.0,3,0.6339566355340145,3,12,150,Moderately Fragmented
cell_10_15,41.82002631578948,69.97981578947369,0.38,2.1023462208857007,50.0,2,0.834233463204338,2,12,100,Moderately Fragmented
cell_10_16,41.82002631578948,70.88186842105263,0.38,2.1308338938924525,50.0,1,1.0,4,16,50,Moderately Fragmented
cell_11_0,42.261552631578944,56.44902631578947,0.4,1.69803388224676,50.0,1,1.0,2,16,50,Moderately Fragmented
cell_11_1,42.261552631578944,57.35107894736842,0.43333333333333335,2.0367994286336284,50.0,3,0.6095424622943499,3,14,150,Moderately Fragmented
cell_11_2,42.261552631578944,58.25313157894736,0.46,1.8775877021161262,50.0,1,1.0,3,12,50,Moderately Fragmented
cell_11_3,42.261552631578944,59.155184210526315,0.46,1.7486131382424088,50.0,1,1.0,3,16,50,Moderately Fragmented
cell_11_5,42.261552631578944,60.95928947368421,0.36,2.2425909632407395,50.0,1,1.0,4,12,50,Moderately Fragmented
cell_11_6,42.261552631578944,61.86134210526316,0.05,1.6031308573740775,50.0,2,0.7338225320845608,3,12,100,Moderately Fragmented
cell_11_7,42.261552631578944,62.7633947368421,0.08,1.6423254233212967,50.0,2,0.4822840593950115,3,16,100,Moderately Fragmented
cell_11_8,42.261552631578944,63.66544736842105,0.08,1.723777726481566,50.0,1,1.0,3,16,50,Moderately Fragmented
cell_11_11,42.261552631578944,66.3716052631579,0.17333333333333334,1.95975690920972,50.0,3,0.8743316416346025,3,12,150,Moderately Fragmented
cell_11_13,42.261552631578944,68.17571052631578,0.1,1.6684024276177467,50.0,3,0.4100129591388779,4,10,150,Moderately Fragmented
cell_11_15,42.261552631578944,69.97981578947369,0.47,1.958829129813845,50.0,2,0.9231251231490614,1,14,100,Moderately Fragmented
cell_11_16,42.261552631578944,70.88186842105263,0.34,2.17619817768471,50.0,1,1.0,5,12,50,Moderately Fragmented
cell_11_17,42.261552631578944,71.78392105263157,0.3,1.8590021223560862,50.0,2,0.47760753916464416,2,16,100,Moderately Fragmented
cell_11_18,42.261552631578944,72.68597368421052,0.35333333333333333,2.124040503776622,50.0,3,0.44210897590834897,1,12,150,Moderately Fragmented
cell_12_1,42.70307894736842,57.35107894736842,0.5,1.8308469953718907,50.0,1,1.0,4,14,50,Moderately Fragmented
cell_12_2,42.70307894736842,58.25313157894736,0.44,1.9448744841207721,50.0,2,0.8705245595264469,2,16,100,Moderately Fragmented
cell_12_3,42.70307894736842,59.155184210526315,0.4066666666666667,1.9848623560847798,50.0,3,0.3643465763145989,3,12,150,Moderately Fragmented
cell_12_4,42.70307894736842,60.057236842105254,0.46,1.642475703713291,50.0,1,1.0,4,7,50,Moderately Fragmented
cell_12_5,42.70307894736842,60.95928947368421,0.49,1.8428559971718186,50.0,2,0.6842439216126439,2,16,100,Moderately Fragmented
cell_12_6,42.70307894736842,61.86134210526316,0.26,2.0625451208058005,50.0,2,0.5725674465118877,2,10,100,Moderately Fragmented
cell_12_7,42.70307894736842,62.7633947368421,0.07,1.7301107598438614,50.0,2,0.6781151919532385,2,0,100,Moderately Fragmented
cell_12_8,42.70307894736842,63.66544736842105,0.17333333333333334,1.775226543951973,50.0,3,0.4972234060388362,3,16,150,Moderately Fragmented
cell_12_10,42.70307894736842,65.46955263157895,0.24,1.903814212667466,50.0,3,0.5370546501080334,3,12,150,Moderately Fragmented
cell_12_11,42.70307894736842,66.3716052631579,0.18,1.964908473409396,50.0,3,0.8695058101539885,3,12,150,Moderately Fragmented
cell_12_13,42.70307894736842,68.17571052631578,0.12,1.4954920505890312,50.0,1,1.0,3,12,50,Moderately Fragmented
cell_12_14,42.70307894736842,69.07776315789474,0.44,1.8537077259021184,50.0,1,1.0,3,16,50,Moderately Fragmented
cell_12_15,42.70307894736842,69.97981578947369,0.48,2.412867716015431,50.0,1,1.0,2,6,50,Moderately Fragmented
cell_12_16,42.70307894736842,70.88186842105263,0.42,2.0027895164711866,50.0,1,1.0,0,16,50,Moderately Fragmented
cell_12_17,42.70307894736842,71.78392105263157,0.42,2.3233467635315415,50.0,1,1.0,2,6,50,Moderately Fragmented
cell_12_18,42.70307894736842,72.68597368421052,0.46,2.058211680888148,50.0,1,1.0,5,12,50,Moderately Fragmented
cell_13_0,43.14460526315789,56.44902631578947,0.1,1.7176091565839704,50.0,1,1.0,2,6,50,Moderately Fragmented
cell_13_1,43.14460526315789,57.35107894736842,0.04,1.7070930833411144,50.0,1,1.0,3,12,50,Moderately Fragmented
cell_13_2,43.14460526315789,58.25313157894736,0.21,1.896013397699288,50.0,2,0.8369118610266086,0,16,100,Moderately Fragmented
cell_13_4,43.14460526315789,60.057236842105254,0.02,1.6531421839127662,50.0,1,1.0,3,10,50,Moderately Fragmented
cell_13_5,43.14460526315789,60.95928947368421,0.08,1.68656821361775,50.0,3,0.3734822865810016,2,12,150,Moderately Fragmented
cell_13_6,43.14460526315789,61.86134210526316,0.03,1.5005337010298243,50.0,2,0.7549619467382191,5,0,100,Moderately Fragmented
cell_13_8,43.14460526315789,63.66544736842105,0.38,1.8907287373977169,50.0,2,0.4212875099601058,1,16,100,Moderately Fragmented
cell_13_9,43.14460526315789,64.5675,0.1,1.5830159779196564,50.0,1,1.0,4,12,50,Moderately Fragmented
cell_13_10,43.14460526315789,65.46955263157895,0.07,1.7392003542484415,50.0,2,0.2987474475729962,3,16,100,Highly Fragmented
cell_13_11,43.14460526315789,66.3716052631579,0.08,1.6885659754774438,50.0,1,1.0,1,12,50,Moderately Fragmented
cell_13_12,43.14460526315789,67.27365789473684,0.38,1.7083981322629125,50.0,2,0.44509263469261817,2,16,100,Moderately Fragmented
cell_13_13,43.14460526315789,68.17571052631578,0.46,1.8383178245880818,50.0,2,0.8888410990668645,2,16,100,Moderately Fragmented
cell_13_14,43.14460526315789,69.07776315789474,0.39,1.9253486973736162,50.0,2,0.8532583589635305,1,16,100,Moderately Fragmented
cell_13_15,43.14460526315789,69.97981578947369,0.4,2.2795960582822454,50.0,1,1.0,4,6,50,Moderately Fragmented
cell_13_16,43.14460526315789,70.88186842105263,0.46,2.002782259686779,50.0,3,0.6853728282166209,1,16,150,Moderately Fragmented
cell_13_18,43.14460526315789,72.68597368421052,0.36,1.8900357268597234,50.0,1,1.0,3,10,50,Moderately Fragmented
cell_14_0,43.58613157894737,56.44902631578947,0.08,1.6123601613620322,50.0,1,1.0,2,12,50,Moderately Fragmented
cell_14_1,43.58613157894737,57.35107894736842,0.08,1.6914636925037536,50.0,2,0.7565067626111256,3,6,100,Moderately Fragmented
cell_14_2,43.58613157894737,58.25313157894736,0.07,1.544366221432867,50.0,2,0.7996065906250456,3,13,100,Moderately Fragmented
cell_14_3,43.58613157894737,59.155184210526315,0.1,1.6676298086817607,50.0,1,1.0,2,12,50,Moderately Fragmented
cell_14_4,43.58613157894737,60.057236842105254,0.04,1.4796972413215947,50.0,1,1.0,3,14,50,Moderately Fragmented
cell_14_6,43.58613157894737,61.86134210526316,0.28,2.0202274904148285,50.0,2,0.9446197221938942,0,16,100,Moderately Fragmented
cell_14_7,43.58613157894737,62.7633947368421,0.08,1.67816123272819,50.0,1,1.0,3,12,50,Moderately Fragmented
cell_14_8,43.58613157894737,63.66544736842105,0.08,1.4066219856891051,50.0,2,0.6355694693062921,3,7,100,Moderately Fragmented
cell_14_9,43.58613157894737,64.5675,0.3,2.0726551391133605,50.0,2,0.4276431926380261,2,16,100,Moderately Fragmented
cell_14_10,43.58613157894737,65.46955263157895,0.1,1.6292196343398175,50.0,1,1.0,2,16,50,Moderately Fragmented
cell_14_11,43.58613157894737,66.3716052631579,0.18,1.8286758025618697,50.0,1,1.0,5,7,50,Moderately Fragmented
cell_14_15,43.58613157894737,69.97981578947369,0.48,2.178729617195263,50.0,1,1.0,3,12,50,Moderately Fragmented
cell_14_16,43.58613157894737,70.88186842105263,0.34,2.025901890017496,50.0,1,1.0,1,12,50,Moderately Fragmented
cell_14_17,43.58613157894737,71.78392105263157,0.42,1.8935364263852743,50.0,4,0.3670336737289487,3,10,200,Moderately Fragmented
cell_14_18,43.58613157894737,72.68597368421052,0.38,2.1987076757778827,50.0,1,1.0,1,14,50,Moderately Fragmented
cell_15_0,44.02765789473684,56.44902631578947,0.1,1.6762466960986155,50.0,1,1.0,3,12,50,Moderately Fragmented
cell_15_1,44.02765789473684,57.35107894736842,0.05,1.6755582673516436,50.0,2,0.6399880415385539,3,7,100,Moderately Fragmented
cell_15_2,44.02765789473684,58.25313157894736,0.05333333333333334,1.7327376730508668,50.0,3,0.32268812600884245,0,16,150,Moderately Fragmented
cell_15_3,44.02765789473684,59.155184210526315,0.055,1.623868235173571,50.0,4,0.41552793064219873,3,0,200,Moderately Fragmented
cell_15_4,44.02765789473684,60.057236842105254,0.05,1.6542473465599787,50.0,2,0.748372226177002,1,12,100,Moderately Fragmented
cell_15_8,44.02765789473684,63.66544736842105,0.06666666666666667,1.58091783261162,50.0,3,0.569019735311058,3,16,150,Moderately Fragmented
cell_15_9,44.02765789473684,64.5675,0.1,1.73782740688738,50.0,2,0.5754813026595382,2,12,100,Moderately Fragmented
cell_15_10,44.02765789473684,65.46955263157895,0.52,1.5456885623219119,50.0,1,1.0,4,12,50,Moderately Fragmented
cell_15_11,44.02765789473684,66.3716052631579,0.41,1.8459323951118813,50.0,2,0.317653965079416,3,12,100,Moderately Fragmented
cell_15_12,44.02765789473684,67.27365789473684,0.0,1.3732775700022302,50.0,1,1.0,2,13,50,Moderately Fragmented
cell_15_16,44.02765789473684,70.88186842105263,0.4066666666666667,2.073532977418807,50.0,3,0.4460629816686904,3,7,150,Moderately Fragmented
cell_15_17,44.02765789473684,71.78392105263157,0.42,2.0608458688490137,50.0,3,0.48506257670936226,2,12,150,Moderately Fragmented
cell_16_0,44.469184210526315,56.44902631578947,0.14,1.9087529532054432,50.0,1,1.0,3,12,50,Moderately Fragmented
cell_16_1,44.469184210526315,57.35107894736842,0.1,1.648554724474622,50.0,1,1.0,1,13,50,Moderately Fragmented
cell_16_2,44.469184210526315,58.25313157894736,0.06666666666666667,1.62997392397459,50.0,3,0.503124975900691,2,16,150,Moderately Fragmented
cell_16_3,44.469184210526315,59.155184210526315,0.06,1.5232557799543884,50.0,1,1.0,2,7,50,Moderately Fragmented
cell_16_4,44.469184210526315,60.057236842105254,0.14,1.7850612056194761,50.0,1,1.0,5,16,50,Moderately Fragmented
cell_16_5,44.469184210526315,60.95928947368421,0.05,1.6488982787405748,50.0,2,0.8896199760071817,3,7,100,Moderately Fragmented
cell_16_8,44.469184210526315,63.66544736842105,0.06,1.6409204746176764,50.0,1,1.0,3,12,50,Moderately Fragmented
cell_16_10,44.469184210526315,65.46955263157895,0.14,1.6165605753255052,50.0,1,1.0,4,12,50,Moderately Fragmented
cell_16_11,44.469184210526315,66.3716052631579,0.07,1.6226667651998106,50.0,2,0.9378652120541207,3,14,100,Moderately Fragmented
cell_16_12,44.469184210526315,67.27365789473684,0.12,1.8168745693131432,50.0,1,1.0,1,16,50,Moderately Fragmented
cell_16_13,44.469184210526315,68.17571052631578,0.32,2.0170366661652666,50.0,3,0.32356967152567884,1,12,150,Moderately Fragmented
cell_16_14,44.469184210526315,69.07776315789474,0.43,2.1180609518507847,50.0,2,0.9438853798694272,3,7,100,Moderately Fragmented
cell_16_15,44.469184210526315,69.97981578947369,0.37333333333333335,2.042294180763214,50.0,3,0.646838318015482,1,12,150,Moderately Fragmented
cell_16_17,44.469184210526315,71.78392105263157,0.43,1.8302592687695403,50.0,2,0.8289241237009103,1,12,100,Moderately Fragmented
cell_17_0,44.91071052631579,56.44902631578947,0.07,1.7117028587004608,50.0,2,0.5354711094854718,3,12,100,Moderately Fragmented
cell_17_1,44.91071052631579,57.35107894736842,0.04,1.5164876395576359,50.0,1,1.0,4,16,50,Moderately Fragmented
cell_17_2,44.91071052631579,58.25313157894736,0.06666666666666667,1.5926044509715143,50.0,3,0.4538175610810189,5,7,150,Moderately Fragmented
cell_17_3,44.91071052631579,59.155184210526315,0.055,1.573505894152121,50.0,4,0.30578460944610864,0,16,200,Moderately Fragmented
cell_17_4,44.91071052631579,60.057236842105254,0.06,1.7140875492665855,50.0,1,1.0,1,14,50,Moderately Fragmented
cell_17_7,44.91071052631579,62.7633947368421,0.4066666666666667,1.789967139268672,50.0,3,0.7568162532140278,2,12,150,Moderately Fragmented
cell_17_8,44.91071052631579,63.66544736842105,0.3,1.9842687189190908,50.0,2,0.2583889682383165,2,14,100,Highly Fragmented
cell_17_9,44.91071052631579,64.5675,0.29,1.9322188692938376,50.0,2,0.7900996488343892,1,12,100,Moderately Fragmented
cell_17_10,44.91071052631579,65.46955263157895,0.2,1.9363819452498339,50.0,3,0.5463364007523894,0,16,150,Moderately Fragmented
cell_17_11,44.91071052631579,66.3716052631579,0.32,2.060985516811837,50.0,3,0.2252027740969308,3,16,150,Highly Fragmented
cell_17_12,44.91071052631579,67.27365789473684,0.44,1.7484160791091286,50.0,1,1.0,3,12,50,Moderately Fragmented
cell_17_14,44.91071052631579,69.07776315789474,0.38,2.221594294412683,50.0,1,1.0,2,7,50,Moderately Fragmented
cell_17_16,44.91071052631579,70.88186842105263,0.42,2.1122893080243617,50.0,1,1.0,3,7,50,Moderately Fragmented
cell_17_17,44.91071052631579,71.78392105263157,0.37,2.1083896718062363,50.0,2,0.6827926479135107,3,12,100,Moderately Fragmented
cell_17_18,44.91071052631579,72.68597368421052,0.34,2.1588837805372427,50.0,1,1.0,4,7,50,Moderately Fragmented
cell_18_0,45.35223684210526,56.44902631578947,0.14,1.7741256893130073,50.0,1,1.0,4,7,50,Moderately Fragmented
cell_18_2,45.35223684210526,58.25313157894736,0.07333333333333333,1.67515113432671,50.0,3,0.6510402549312244,2,12,150,Moderately Fragmented
cell_18_4,45.35223684210526,60.057236842105254,0.05,1.5662898373090564,50.0,2,0.5467562398286414,3,7,100,Moderately Fragmented
cell_18_5,45.35223684210526,60.95928947368421,0.065,1.6234536787415306,50.0,4,0.29702881400439085,3,16,200,Highly Fragmented
cell_18_6,45.35223684210526,61.86134210526316,0.02,1.6013875540950395,50.0,1,1.0,3,6,50,Moderately Fragmented
cell_18_7,45.35223684210526,62.7633947368421,0.05,1.4886181413654325,50.0,2,0.29073756859161115,3,16,100,Highly Fragmented
cell_18_8,45.35223684210526,63.66544736842105,0.27,1.9264371408724588,50.0,2,0.7515910087307989,3,16,100,Moderately Fragmented
cell_18_9,45.35223684210526,64.5675,0.17333333333333334,1.970040261433394,50.0,3,0.32093375881963315,1,10,150,Moderately Fragmented
cell_18_10,45.35223684210526,65.46955263157895,0.24,1.9254338760135257,50.0,5,0.5730793612918051,4,14,250,Moderately Fragmented
cell_18_11,45.35223684210526,66.3716052631579,0.18,1.9047012320224141,50.0,1,1.0,2,10,50,Moderately Fragmented
cell_18_13,45.35223684210526,68.17571052631578,0.39,2.03841216220353,50.0,2,0.7249406469980869,0,16,100,Moderately Fragmented
cell_18_14,45.35223684210526,69.07776315789474,0.34,2.25954631716729,50.0,1,1.0,3,12,50,Moderately Fragmented
cell_18_17,45.35223684210526,71.78392105263157,0.4,2.1172684207150043,50.0,3,0.5301971990667336,1,6,150,Moderately Fragmented
cell_18_18,45.35223684210526,72.68597368421052,0.38,2.182617759018347,50.0,1,1.0,3,6,50,Moderately Fragmented
