region,longitude,latitude,land_degradation_index,vegetation_degradation,soil_degradation,climate_stress,pressure_index,comprehensive_risk_score,risk_category,spatial_pattern,local_morans_i
Karakalpakstan,55.9,42.0,0.5440037500000601,0.9507249999999999,0.33749999999999997,0.27999999999999997,0.36000000000040083,0.511801125000062,Moderate,High-High,1.8703482494408354
Karakalpakstan,56.006,42.072,0.54400375000014,0.9507249999999999,0.33749999999999997,0.27999999999999997,0.3600000000009335,0.5118011250001446,Moderate,High-High,1.8703482537089806
Karakalpakstan,56.112,42.144,0.5440037500003237,0.9507249999999999,0.33749999999999997,0.27999999999999997,0.36000000000215854,0.5118011250003346,Moderate,High-High,1.8703482621239806
Karakalpakstan,56.217999999999996,42.216,0.5440037500007427,0.9507249999999999,0.33749999999999997,0.27999999999999997,0.36000000000495225,0.5118011250007676,Moderate,High-High,1.8703482751569065
Karakalpakstan,56.324,42.288,0.5440037500016895,0.9507249999999999,0.33749999999999997,0.27999999999999997,0.3600000000112641,0.5118011250017459,Moderate,High-High,1.8703482940006233
Karakalpakstan,56.43,42.36,0.5440037500038066,0.9507249999999999,0.33749999999999997,0.27999999999999997,0.3600000000253775,0.5118011250039335,Moderate,High-High,1.8703483197663682
Karakalpakstan,56.536,42.432,0.544003750008486,0.9507249999999999,0.33749999999999997,0.27999999999999997,0.36000000005657384,0.511801125008769,Moderate,High-High,1.8703483531066165
Karakalpakstan,56.641999999999996,42.504,0.5440037500186975,0.9507249999999999,0.33749999999999997,0.27999999999999997,0.36000000012465005,0.5118011250193208,Moderate,High-High,1.870348393936496
Karakalpakstan,56.748,42.576,0.5440037500406629,0.9507249999999999,0.33749999999999997,0.27999999999999997,0.3600000002710866,0.5118011250420185,Moderate,High-High,1.8703484413723106
Karakalpakstan,56.854,42.648,0.5440037500871575,0.9507249999999999,0.33749999999999997,0.27999999999999997,0.3600000005810507,0.5118011250900629,Moderate,High-High,1.870348494003621
Karakalpakstan,56.96,42.72,0.5440037501838084,0.9507249999999999,0.33749999999999997,0.27999999999999997,0.36000000122538994,0.5118011251899355,Moderate,High-High,1.8703485505065962
Karakalpakstan,57.066,42.792,0.5440037503806664,0.9507249999999999,0.33749999999999997,0.27999999999999997,0.36000000253777603,0.5118011253933552,Moderate,High-High,1.8677181635901094
Karakalpakstan,57.172,42.864,0.5440037507724932,0.9507249999999999,0.33749999999999997,0.27999999999999997,0.3600000051499549,0.511801125798243,Moderate,High-High,1.8638329476327682
Karakalpakstan,57.278,42.936,0.5440037515322999,0.9507249999999999,0.33749999999999997,0.27999999999999997,0.3600000102153324,0.5118011265833765,Moderate,High-High,1.8622061977315392
Karakalpakstan,57.384,43.008,0.5440037529626643,0.9507249999999999,0.33749999999999997,0.27999999999999997,0.3600000197510956,0.5118011280614198,Moderate,High-High,1.8617483587662575
Karakalpakstan,57.49,43.08,0.544003755566132,0.9507249999999999,0.33749999999999997,0.27999999999999997,0.36000003710754724,0.5118011307516698,Moderate,High-High,1.8612153159169065
Karakalpakstan,57.596,43.152,0.5440037601261484,0.9507249999999999,0.33749999999999997,0.27999999999999997,0.3600000675076564,0.5118011354636868,Moderate,High-High,1.8605906600451476
Karakalpakstan,57.702,43.224000000000004,0.5440037677698992,0.9507249999999999,0.33749999999999997,0.27999999999999997,0.3600001184659954,0.5118011433622293,Moderate,High-High,1.8598520725243943
Karakalpakstan,57.808,43.296,0.5440037799540519,0.9507249999999999,0.33749999999999997,0.27999999999999997,0.3600001996936794,0.5118011559525203,Moderate,High-High,1.8588764201355157
Karakalpakstan,57.914,43.368,0.5440037982842654,0.9507249999999999,0.33749999999999997,0.27999999999999997,0.36000032189510245,0.5118011748937409,Moderate,High-High,1.8576998400596891
Karakalpakstan,58.02,43.44,0.5440038240781524,0.9507249999999999,0.33749999999999997,0.27999999999999997,0.3600004938543497,0.5118012015474243,Moderate,High-High,1.8562526880130414
Karakalpakstan,58.126,43.512,0.5440038576528525,0.9507249999999999,0.33749999999999997,0.27999999999999997,0.3600007176856839,0.511801236241281,Moderate,High-High,1.854428648101115
Karakalpakstan,58.232,43.584,0.5440038974914766,0.9507249999999999,0.33749999999999997,0.27999999999999997,0.36000098327651064,0.5118012774078591,Moderate,High-High,1.8520567106543626
Karakalpakstan,58.338,43.656,0.5440039396727953,0.9507249999999999,0.33749999999999997,0.27999999999999997,0.36000126448530206,0.5118013209952218,Moderate,High-High,1.848842470250964
Karakalpakstan,58.444,43.728,0.5440039780744934,0.9507249999999999,0.33749999999999997,0.27999999999999997,0.36000152049662265,0.5118013606769765,Moderate,High-High,1.8442299704195244
Karakalpakstan,58.55,43.8,0.54400400566849,0.9507249999999999,0.33749999999999997,0.27999999999999997,0.36000170445660035,0.5118013891907731,Moderate,High-High,1.8370178332825104
Karakalpakstan,58.656,43.872,0.5440040166608638,0.9507249999999999,0.33749999999999997,0.27999999999999997,0.3600017777390927,0.5118014005495594,Moderate,High-High,1.8239718453273148
Karakalpakstan,58.762,43.944,0.5440040085846855,0.9507249999999999,0.33749999999999997,0.27999999999999997,0.3600017238979034,0.5118013922041751,Moderate,High-High,1.7914039734293574
Karakalpakstan,58.868,44.016,0.5255706222504991,0.9507249999999999,0.33749999999999997,0.27999999999999997,0.237112481669994,0.4927535596588491,Moderate,High-High,1.522564184350158
Karakalpakstan,58.974000000000004,44.088,0.517337705569171,0.9507249999999999,0.33749999999999997,0.27999999999999997,0.18222637046114032,0.48424621242147675,Moderate,High-High,1.4052143802704444
Karakalpakstan,59.08,44.160000000000004,0.5347452145993753,0.9507249999999999,0.33749999999999997,0.27999999999999997,0.2982764306625022,0.5022339717526878,Moderate,High-High,1.6508217677941133
Karakalpakstan,59.186,44.232,0.5440038635217701,0.9507249999999999,0.33749999999999997,0.27999999999999997,0.3600007568118011,0.5118012423058291,Moderate,High-High,1.8051936470157242
Karakalpakstan,59.292,44.304,0.5440038288136997,0.9507249999999999,0.33749999999999997,0.27999999999999997,0.3600005254246647,0.511801206440823,Moderate,High-High,1.8291636866108179
Karakalpakstan,59.398,44.376,0.5440038017906726,0.9507249999999999,0.33749999999999997,0.27999999999999997,0.3600003452711515,0.5118011785170284,Moderate,High-High,1.8397892716039737
Karakalpakstan,59.504000000000005,44.448,0.5440037823677,0.9507249999999999,0.33749999999999997,0.27999999999999997,0.3600002157846668,0.5118011584466233,Moderate,High-High,1.8457511572384264
Karakalpakstan,59.61,44.52,0.544003769330264,0.9507249999999999,0.33749999999999997,0.27999999999999997,0.36000012886842697,0.5118011449746062,Moderate,High-High,1.8496640864875142
Karakalpakstan,59.716,44.592,0.5440037610814721,0.9507249999999999,0.33749999999999997,0.27999999999999997,0.3600000738764806,0.5118011364508545,Moderate,High-High,1.8524314181966228
Karakalpakstan,59.822,44.664,0.5440037561239667,0.9507249999999999,0.33749999999999997,0.27999999999999997,0.36000004082644504,0.5118011313280989,Moderate,High-High,1.8544885142166387
Karakalpakstan,59.928000000000004,44.736000000000004,0.5440037532752002,0.9507249999999999,0.33749999999999997,0.27999999999999997,0.36000002183466856,0.5118011283843735,Moderate,High-High,1.856072341905414
Karakalpakstan,60.034,44.808,0.5440037517011781,0.9507249999999999,0.33749999999999997,0.27999999999999997,0.36000001134118753,0.511801126757884,Moderate,High-High,1.8573230376799044
Karakalpakstan,60.14,44.88,0.544003750860894,0.9507249999999999,0.33749999999999997,0.27999999999999997,0.3600000057392935,0.5118011258895905,Moderate,High-High,1.8583284848603054
Karakalpakstan,60.246,44.952,0.5440037504256663,0.9507249999999999,0.33749999999999997,0.27999999999999997,0.36000000283777567,0.5118011254398551,Moderate,High-High,1.8591460447674755
Karakalpakstan,60.352000000000004,45.024,0.5440037502061585,0.9507249999999999,0.33749999999999997,0.27999999999999997,0.3600000013743907,0.5118011252130306,Moderate,High-High,1.8598139282362836
Karakalpakstan,60.458,45.096000000000004,0.5440037500980194,0.9507249999999999,0.33749999999999997,0.27999999999999997,0.360000000653463,0.5118011251012867,Moderate,High-High,1.8603573326547262
Karakalpakstan,60.564,45.168,0.5440037500458409,0.9507249999999999,0.33749999999999997,0.27999999999999997,0.3600000003056065,0.511801125047369,Moderate,High-High,1.860791546709541
Karakalpakstan,60.67,45.24,0.544003750021124,0.9507249999999999,0.33749999999999997,0.27999999999999997,0.36000000014082706,0.5118011250218282,Moderate,High-High,1.8611227814170483
Karakalpakstan,60.776,45.312,0.544003750009606,0.9507249999999999,0.33749999999999997,0.27999999999999997,0.3600000000640402,0.5118011250099262,Moderate,High-High,1.8642532499985194
Karakalpakstan,60.882000000000005,45.384,0.5440037500043166,0.9507249999999999,0.33749999999999997,0.27999999999999997,0.36000000002877697,0.5118011250044604,Moderate,High-High,1.8687288948770633
Karakalpakstan,60.988,45.456,0.5440037500019189,0.9507249999999999,0.33749999999999997,0.27999999999999997,0.36000000001279314,0.5118011250019829,Moderate,High-High,1.8703483049938079
Karakalpakstan,61.094,45.528,0.5440037500008448,0.9507249999999999,0.33749999999999997,0.27999999999999997,0.3600000000056325,0.511801125000873,Moderate,High-High,1.8703482855277964
Karakalpakstan,61.2,45.6,0.5440037500003687,0.9507249999999999,0.33749999999999997,0.27999999999999997,0.3600000000024582,0.511801125000381,Moderate,High-High,1.8703482755089083
Tashkent,69.0,40.8,0.34708956964160753,0.50725,0.33749999999999997,0.0,0.45534713094405044,0.27921505529632784,Low,Low-Low,0.7495862433892483
Tashkent,69.016,40.814,0.34721888137045726,0.50725,0.33749999999999997,0.0,0.45620920913638185,0.27934867741613917,Low,Low-Low,0.7505031013885662
Tashkent,69.032,40.827999999999996,0.34736839248084944,0.50725,0.33749999999999997,0.0,0.45720594987232976,0.2795031722302111,Low,Low-Low,0.7486180126954959
Tashkent,69.048,40.842,0.3475410649668313,0.50725,0.33749999999999997,0.0,0.4583570997788756,0.2796816004657257,Low,Low-Low,0.7460533039144887
Tashkent,69.064,40.855999999999995,0.3477402332442399,0.50725,0.33749999999999997,0.0,0.45968488829493315,0.27988740768571463,Low,Low-Low,0.7425325122026495
Tashkent,69.08,40.87,0.3479696290760048,0.50725,0.33749999999999997,0.0,0.4612141938400325,0.28012445004520503,Low,Low-Low,0.7384514042447368
Tashkent,69.096,40.884,0.3482333989102431,0.50725,0.33749999999999997,0.0,0.4629726594016209,0.2803970122072512,Low,Low-Low,0.7340975581292828
Tashkent,69.112,40.897999999999996,0.348536108549753,0.50725,0.33749999999999997,0.0,0.46499072366502003,0.2807098121680781,Low,Low-Low,0.7288580675965969
Tashkent,69.128,40.912,0.3488827279797545,0.50725,0.33749999999999997,0.0,0.4673015198650302,0.2810679855790797,Low,Low-Low,0.7230305312788105
Tashkent,69.144,40.925999999999995,0.3492785863638526,0.50725,0.33749999999999997,0.0,0.4699405757590176,0.2814770392426477,Low,Low-Low,0.7167077730404525
Tashkent,69.16,40.94,0.34972928348053844,0.50725,0.33749999999999997,0.0,0.47294522320359,0.28194275959655646,Low,Low-Low,0.7095170411642141
Tashkent,69.176,40.954,0.35024053901531643,0.50725,0.33749999999999997,0.0,0.47635359343544315,0.28247105698249364,Low,Low-Low,0.7016169356716587
Tashkent,69.192,40.967999999999996,0.3508179550060929,0.50725,0.33749999999999997,0.0,0.48020303337395287,0.2830677201729627,Low,Low-Low,0.6929917616848668
Tashkent,69.208,40.982,0.3514666594156147,0.50725,0.33749999999999997,0.0,0.48452772943743183,0.2837380480628019,Low,Low-Low,0.6835443076978744
Tashkent,69.224,40.995999999999995,0.35219079080143445,0.50725,0.33749999999999997,0.0,0.4893552720095631,0.28448631716148226,Low,Low-Low,0.6733555111166405
Tashkent,69.24,41.01,0.3529927769023322,0.50725,0.33749999999999997,0.0,0.49470184601554845,0.28531503613241,Low,Low-Low,0.6623910045640569
Tashkent,69.256,41.024,0.35387235713927606,0.50725,0.33749999999999997,0.0,0.5005657142618406,0.2862239357105853,Low,Low-Low,0.6508871769974339
Tashkent,69.272,41.038,0.35482530748921565,0.50725,0.33749999999999997,0.0,0.5069187165947712,0.2872086510721895,Low,Low-Low,0.6390067553224542
Tashkent,69.288,41.052,0.3558418584364818,0.50725,0.33749999999999997,0.0,0.5136957229098789,0.2882590870510312,Low,Low-Low,0.6269753648173688
Tashkent,69.304,41.065999999999995,0.3569048726549196,0.50725,0.33749999999999997,0.0,0.5207824843661311,0.2893575350767503,Low,Low-Low,0.6159066838267211
Tashkent,69.32,41.08,0.3571252574266763,0.50725,0.33749999999999997,0.0,0.522251716177842,0.2895852660075655,Low,Low-Low,0.6135177426293826
Tashkent,69.336,41.094,0.3558367925675778,0.50725,0.33749999999999997,0.0,0.5136619504505188,0.28825385231983036,Low,Low-Low,0.6250386364925199
Tashkent,69.352,41.108,0.3547992844047624,0.50725,0.33749999999999997,0.0,0.5067452293650829,0.28718176055158784,Low,Low-Low,0.6357106014858596
Tashkent,69.368,41.122,0.3540066492166838,0.50725,0.33749999999999997,0.0,0.5014609947778921,0.2863627041905733,Low,Low-Low,0.6443019115817817
Tashkent,69.384,41.135999999999996,0.3534481808395607,0.50725,0.33749999999999997,0.0,0.49773787226373833,0.28578562020087944,Low,Low-Low,0.6505610485471239
Tashkent,69.4,41.15,0.3531113921384104,0.50725,0.33749999999999997,0.0,0.4954926142560696,0.28543760520969075,Low,Low-Low,0.6543109203707388
Tashkent,69.416,41.164,0.3529859511036062,0.50725,0.33749999999999997,0.0,0.4946563406907084,0.2853079828070598,Low,Low-Low,0.655541738990673
Tashkent,69.432,41.178,0.35306733288703224,0.50725,0.33749999999999997,0.0,0.49519888591354844,0.2853920773166,Low,Low-Low,0.6545263018676767
Tashkent,69.448,41.192,0.3533585187770084,0.50725,0.33749999999999997,0.0,0.49714012518005646,0.2856929694029087,Low,Low-Low,0.650825048506685
Tashkent,69.464,41.205999999999996,0.35386887026223546,0.50725,0.33749999999999997,0.0,0.5005424684149031,0.28622033260431,Low,Low-Low,0.6446249201650444
Tashkent,69.48,41.22,0.35461076208836156,0.50725,0.33749999999999997,0.0,0.5054884139224106,0.28698695415797365,Low,Low-Low,0.6364090626123751
Tashkent,69.496,41.234,0.3555955672633202,0.50725,0.33749999999999997,0.0,0.5120537817554683,0.28800458617209757,Low,Low-Low,0.6257080465386939
Tashkent,69.512,41.248,0.35683050919873516,0.50725,0.33749999999999997,0.0,0.5202867279915678,0.289280692838693,Low,Low-Low,0.6137381289618203
Tashkent,69.52799999999999,41.262,0.35713431771383736,0.50725,0.33749999999999997,0.0,0.5223121180922493,0.2895946283042986,Low,Low-Low,0.61133403710488
Tashkent,69.544,41.275999999999996,0.3560644850596319,0.50725,0.33749999999999997,0.0,0.5151799003975461,0.2884891345616196,Low,Low-Low,0.6213379840946497
Tashkent,69.56,41.29,0.35503634779559906,0.50725,0.33749999999999997,0.0,0.5083256519706607,0.2874267260554524,Low,Low-Low,0.6324396946815929
Tashkent,69.576,41.304,0.35406885183439357,0.50725,0.33749999999999997,0.0,0.5018756788959574,0.28642698022887336,Low,Low-Low,0.6440341835725893
Tashkent,69.592,41.318,0.3531731736845162,0.50725,0.33749999999999997,0.0,0.49590449123010805,0.28550144614066675,Low,Low-Low,0.654838592921308
Tashkent,69.608,41.332,0.35235457300391726,0.50725,0.33749999999999997,0.0,0.49044715335944866,0.2846555587707145,Low,Low-Low,0.6654566849623135
Tashkent,69.624,41.346,0.3516140349418374,0.50725,0.33749999999999997,0.0,0.48551023294558304,0.28389033610656533,Low,Low-Low,0.6749307000131547
Tashkent,69.64,41.36,0.35094961142018016,0.50725,0.33749999999999997,0.0,0.4810807428012014,0.2832037651341862,Low,Low-Low,0.6836199123460611
Tashkent,69.65599999999999,41.374,0.3503574589931551,0.50725,0.33749999999999997,0.0,0.47713305995436783,0.282591874292927,Low,Low-Low,0.6918634244979408
Tashkent,69.672,41.388,0.3498326105210049,0.50725,0.33749999999999997,0.0,0.47363407014003267,0.28204953087170503,Low,Low-Low,0.6989061524189277
Tashkent,69.688,41.402,0.34936953012998617,0.50725,0.33749999999999997,0.0,0.47054686753324126,0.2815710144676524,Low,Low-Low,0.7051487462990926
Tashkent,69.704,41.416,0.348962499770988,0.50725,0.33749999999999997,0.0,0.4678333318065868,0.2811504164300209,Low,Low-Low,0.7109483257359034
Tashkent,69.72,41.43,0.34860587907645246,0.50725,0.33749999999999997,0.0,0.46545586050968335,0.2807819083790009,Low,Low-Low,0.7156148511362596
Tashkent,69.736,41.444,0.3482942722166241,0.50725,0.33749999999999997,0.0,0.46337848144416105,0.28045991462384495,Low,Low-Low,0.7198342887246443
Tashkent,69.752,41.458,0.3480226279201866,0.50725,0.33749999999999997,0.0,0.4615675194679111,0.28017921551752617,Low,Low-Low,0.7228432387745919
Tashkent,69.768,41.472,0.34778629243566045,0.50725,0.33749999999999997,0.0,0.4599919495710699,0.27993500218351586,Low,Low-Low,0.724787883712737
Tashkent,69.78399999999999,41.486,0.3475810300929935,0.50725,0.33749999999999997,0.0,0.45862353395329036,0.27972289776276,Low,Low-Low,0.7253561018366199
Tashkent,69.8,41.5,0.3474030221652633,0.50725,0.33749999999999997,0.0,0.4574368144350889,0.27953895623743874,Low,Low-Low,0.72041610229683
Samarkand,66.6,39.4,0.3396393760983029,0.4579749999999999,0.33749999999999997,0.04000000000000001,0.4673208406553532,0.2902971053015797,Low,Low-Low,0.8402404358706729
Samarkand,66.616,39.412,0.3400491128098827,0.4579749999999999,0.33749999999999997,0.04000000000000001,0.47005241873255166,0.2907204999035455,Low,Low-Low,0.8489881532442225
Samarkand,66.63199999999999,39.424,0.3405229048803892,0.4579749999999999,0.33749999999999997,0.04000000000000001,0.47321103253592833,0.2912100850430689,Low,Low-Low,0.8497153626816765
Samarkand,66.648,39.436,0.3410705714970522,0.4579749999999999,0.33749999999999997,0.04000000000000001,0.47686214331368193,0.2917760072136207,Low,Low-Low,0.843771678890354
Samarkand,66.664,39.448,0.3417033614201801,0.4579749999999999,0.33749999999999997,0.04000000000000001,0.48108074280120117,0.2924298901341862,Low,Low-Low,0.838092443234475
Samarkand,66.67999999999999,39.46,0.34243412756758473,0.4579749999999999,0.33749999999999997,0.04000000000000001,0.4859525171172321,0.29318501515317097,Low,Low-Low,0.8278366742627657
Samarkand,66.696,39.472,0.34327750535066576,0.4579749999999999,0.33749999999999997,0.04000000000000001,0.4915750356711054,0.29405650552902135,Low,Low-Low,0.818166114067931
Samarkand,66.71199999999999,39.484,0.34425008274906466,0.4579749999999999,0.33749999999999997,0.04000000000000001,0.4980588849937648,0.29506150217403354,Low,Low-Low,0.8042152483193247
Samarkand,66.728,39.496,0.34537054051873867,0.4579749999999999,0.33749999999999997,0.04000000000000001,0.5055286034582582,0.29621930853603,Low,Low-Low,0.7906554759573994
Samarkand,66.744,39.507999999999996,0.3466597243867735,0.4579749999999999,0.33749999999999997,0.04000000000000001,0.5141231625784906,0.297551465199666,Low,Low-Low,0.7728652825285762
Samarkand,66.75999999999999,39.519999999999996,0.3481405820748989,0.4579749999999999,0.33749999999999997,0.04000000000000001,0.5239955471659931,0.29908168481072894,Low,Low-Low,0.7552592108311663
Samarkand,66.776,39.532,0.34983784601081735,0.4579749999999999,0.33749999999999997,0.04000000000000001,0.5353106400721162,0.300835524211178,Low,Low-Low,0.7336069886079897
Samarkand,66.792,39.544,0.3517772470762944,0.4579749999999999,0.33749999999999997,0.04000000000000001,0.5482399805086294,0.30283957197883754,Low,Low-Low,0.7123454760737381
Samarkand,66.80799999999999,39.556,0.35398386436034457,0.4579749999999999,0.33749999999999997,0.04000000000000001,0.5629507624022972,0.30511974317235613,Low,Low-Low,0.6883934059671798
Samarkand,66.824,39.568,0.355434865704294,0.4579749999999999,0.33749999999999997,0.04000000000000001,0.5726241046952938,0.3066191112277705,Low,Low-Low,0.6760073910837489
Samarkand,66.84,39.58,0.35423319859460545,0.4579749999999999,0.33749999999999997,0.04000000000000001,0.5646129906307035,0.30537738854775903,Low,Low-Low,0.6878830837188973
Samarkand,66.856,39.592,0.35331940389477234,0.4579749999999999,0.33749999999999997,0.04000000000000001,0.5585210259651492,0.30443313402459815,Low,Low-Low,0.7001945745934772
Samarkand,66.872,39.604,0.35263608493126136,0.4579749999999999,0.33749999999999997,0.04000000000000001,0.5539655662084095,0.3037270377623035,Low,Low-Low,0.7139669754232219
Samarkand,66.888,39.616,0.35203558860077044,0.4579749999999999,0.33749999999999997,0.04000000000000001,0.54996225733847,0.30310652488746287,Low,Low-Low,0.7268053321272989
Samarkand,66.904,39.628,0.3512058783951321,0.4579749999999999,0.33749999999999997,0.04000000000000001,0.5444308559675479,0.3022491576749699,Low,Low-Low,0.7461691477492695
Samarkand,66.92,39.64,0.34959581912536636,0.4579749999999999,0.33749999999999997,0.04000000000000001,0.5336971275024427,0.3005854297628786,Low,Low-Low,0.7745490777826931
Samarkand,66.93599999999999,39.652,0.3465131752496423,0.4579749999999999,0.33749999999999997,0.04000000000000001,0.513146168330949,0.2974000310912971,Low,Low-Low,0.823949652648849
Samarkand,66.952,39.664,0.3416038191253685,0.4579749999999999,0.33749999999999997,0.04000000000000001,0.48041712750245735,0.2923270297628809,Low,Low-Low,0.8948336227652811
Samarkand,66.968,39.676,0.3352218783951318,0.4579749999999999,0.33749999999999997,0.04000000000000001,0.4378708559675457,0.2857323576749696,Low,Low-Low,0.9882475833629961
Samarkand,66.984,39.688,0.32805958860077516,0.4579749999999999,0.33749999999999997,0.04000000000000001,0.39012225733850137,0.2783313248874677,Low,Low-Low,1.09015483150525
Samarkand,67.0,39.7,0.3206680849312632,0.4579749999999999,0.33749999999999997,0.04000000000000001,0.34084556620842177,0.27069343776230537,Low,Low-Low,1.1916791636136337
Samarkand,67.016,39.711999999999996,0.32135140389477274,0.4579749999999999,0.33749999999999997,0.04000000000000001,0.34540102596515176,0.27139953402459854,Low,Low-Low,1.201569297790989
Samarkand,67.032,39.724,0.32226519859460667,0.4579749999999999,0.33749999999999997,0.04000000000000001,0.3514929906307114,0.27234378854776026,Low,Low-Low,1.1999052451722985
Samarkand,67.048,39.736,0.3234668657042946,0.4579749999999999,0.33749999999999997,0.04000000000000001,0.35950410469529787,0.2735855112277712,Low,Low-Low,1.1862010844593702
Samarkand,67.06400000000001,39.748,0.3249678643603465,0.4579749999999999,0.33749999999999997,0.04000000000000001,0.36951076240231034,0.27513654317235814,Low,Low-Low,1.1680893737418003
Samarkand,67.08,39.76,0.3267572470762952,0.4579749999999999,0.33749999999999997,0.04000000000000001,0.38143998050863526,0.27698557197883844,Low,Low-Low,1.1410225609915656
Samarkand,67.096,39.772,0.32881384601081876,0.4579749999999999,0.33749999999999997,0.04000000000000001,0.3951506400721254,0.27911072421117944,Low,Low-Low,1.1115039312357875
Samarkand,67.112,39.784,0.33111258207489974,0.4579749999999999,0.33749999999999997,0.04000000000000001,0.41047554716599866,0.2814860848107298,Low,Low-Low,1.075195364991613
Samarkand,67.128,39.796,0.3336277243867743,0.4579749999999999,0.33749999999999997,0.04000000000000001,0.4272431625784955,0.2840850651996668,Low,Low-Low,1.038507667359318
Samarkand,67.144,39.808,0.3363345405187398,0.4579749999999999,0.33749999999999997,0.04000000000000001,0.4452886034582654,0.28688210853603113,Low,Low-Low,0.9972497930411889
Samarkand,67.16,39.82,0.33921008274906495,0.4579749999999999,0.33749999999999997,0.04000000000000001,0.46445888499376653,0.28985350217403383,Low,Low-Low,0.9578833758095519
Samarkand,67.176,39.832,0.3422335053506663,0.4579749999999999,0.33749999999999997,0.04000000000000001,0.484615035671109,0.2929777055290219,Low,Low-Low,0.9180687236823293
Samarkand,67.19200000000001,39.844,0.3424341275675852,0.4579749999999999,0.33749999999999997,0.04000000000000001,0.48595251711723464,0.2931850151531714,Low,Low-Low,0.9099407947821091
Samarkand,67.208,39.856,0.34170336142018054,0.4579749999999999,0.33749999999999997,0.04000000000000001,0.48108074280120383,0.29242989013418663,Low,Low-Low,0.914806644128989
Samarkand,67.224,39.868,0.34107057149705255,0.4579749999999999,0.33749999999999997,0.04000000000000001,0.47686214331368404,0.291776007213621,Low,Low-Low,0.9208148705869518
Samarkand,67.24000000000001,39.88,0.34052290488038944,0.4579749999999999,0.33749999999999997,0.04000000000000001,0.47321103253593,0.2912100850430691,Low,Low-Low,0.9268534449186903
Samarkand,67.256,39.892,0.340049112809883,0.4579749999999999,0.33749999999999997,0.04000000000000001,0.47005241873255343,0.29072049990354576,Low,Low-Low,0.9325587663467286
Samarkand,67.272,39.903999999999996,0.3396393760983032,0.4579749999999999,0.33749999999999997,0.04000000000000001,0.46732084065535495,0.29029710530158004,Low,Low-Low,0.9377901639071684
Samarkand,67.28800000000001,39.916,0.3392851406850982,0.4579749999999999,0.33749999999999997,0.04000000000000001,0.46495927123398806,0.2899310620412682,Low,Low-Low,0.9424977122654943
Samarkand,67.304,39.928,0.33897896639706837,0.4579749999999999,0.33749999999999997,0.04000000000000001,0.4629181093137896,0.2896146819436374,Low,Low-Low,0.9466720436118395
Samarkand,67.32000000000001,39.94,0.33871439003591497,0.4579749999999999,0.33749999999999997,0.04000000000000001,0.4611542669061002,0.28934128637044554,Low,Low-Low,0.9503201280151226
Samarkand,67.336,39.952,0.3384858027843548,0.4579749999999999,0.33749999999999997,0.04000000000000001,0.4596303518956989,0.28910507954383335,Low,Low-Low,0.9534498454741557
Samarkand,67.352,39.964,0.3382883412916558,0.4579749999999999,0.33749999999999997,0.04000000000000001,0.45831394194437247,0.28890103600137773,Low,Low-Low,0.9560538793535852
Samarkand,67.36800000000001,39.976,0.33811779147088017,0.4579749999999999,0.33749999999999997,0.04000000000000001,0.4571769431392013,0.28872480118657623,Low,Low-Low,0.9580774689273993
Samarkand,67.384,39.988,0.337970503894764,0.4579749999999999,0.33749999999999997,0.04000000000000001,0.45619502596509365,0.2885726040245895,Low,Low-Low,0.9593044958461969
Samarkand,67.4,40.0,0.3378433196416075,0.4579749999999999,0.33749999999999997,0.04000000000000001,0.45534713094405044,0.2884411802963278,Low,Low-Low,0.958538679292745
Bukhara,63.4,39.2,0.5145525969284999,0.8658625000000001,0.33749999999999997,0.2812,0.360071479523332,0.5033336418261165,Moderate,High-High,1.0790176574265722
Bukhara,63.436,39.232,0.5145570902277461,0.8658625000000001,0.33749999999999997,0.2812,0.3601014348516403,0.5033382849020043,Moderate,High-High,1.0768786310558551
Bukhara,63.472,39.264,0.5145634542038071,0.8658625000000001,0.33749999999999997,0.2812,0.36014386135871346,0.5033448610106006,Moderate,High-High,1.0764961376993942
Bukhara,63.507999999999996,39.296,0.5145724600653124,0.8658625000000001,0.33749999999999997,0.2812,0.3602039004354156,0.5033541670674895,Moderate,High-High,1.0766302659141076
Bukhara,63.544,39.328,0.5145851921138243,0.8658625000000001,0.33749999999999997,0.2812,0.36028878075882775,0.5033673235176184,Moderate,High-High,1.0770660867302844
Bukhara,63.58,39.36,0.5146031716313374,0.8658625000000001,0.33749999999999997,0.2812,0.36040864420891555,0.5033859023523819,Moderate,High-High,1.0777541245025646
Bukhara,63.616,39.392,0.5146285275398429,0.8658625000000001,0.33749999999999997,0.2812,0.36057768359895215,0.5034121034578376,Moderate,High-High,1.0787488569953125
Bukhara,63.652,39.424,0.514664229822268,0.8658625000000001,0.33749999999999997,0.2812,0.3608156988151197,0.5034489958163436,Moderate,High-High,1.0800477657425172
Bukhara,63.688,39.456,0.5147144058168235,0.8658625000000001,0.33749999999999997,0.2812,0.3611502054454897,0.503500844344051,Moderate,High-High,1.081720864788141
Bukhara,63.724,39.488,0.51478476345282,0.8658625000000001,0.33749999999999997,0.2812,0.36161925635213316,0.5035735472345807,Moderate,High-High,1.0838687406735716
Bukhara,63.76,39.52,0.5148831477732322,0.8658625000000001,0.33749999999999997,0.2812,0.36227515182154735,0.5036752110323398,Moderate,High-High,1.086628928592399
Bukhara,63.796,39.552,0.5150202544066562,0.8658625000000001,0.33749999999999997,0.2812,0.3631891960443745,0.5038168878868781,Moderate,High-High,1.0901850195789737
Bukhara,63.832,39.584,0.5152105093110961,0.8658625000000001,0.33749999999999997,0.2812,0.3644575620739741,0.504013484621466,Moderate,High-High,1.0947778898567433
Bukhara,63.868,39.616,0.5154730849709703,0.8658625000000001,0.33749999999999997,0.2812,0.36620806647313514,0.504284812803336,Moderate,High-High,1.1007179716241124
Bukhara,63.903999999999996,39.648,0.5158329343184052,0.8658625000000001,0.33749999999999997,0.2812,0.36860706212270083,0.5046566571290186,Moderate,High-High,1.108396084787589
Bukhara,63.94,39.68,0.516321539248932,0.8658625000000001,0.33749999999999997,0.2812,0.3718644283262127,0.505161548890563,Moderate,High-High,1.1182874518335293
Bukhara,63.976,39.712,0.5169767116670476,0.8658625000000001,0.33749999999999997,0.2812,0.376232244446984,0.5058385603892825,Moderate,High-High,1.1309380668417859
Bukhara,64.012,39.744,0.5178401300165205,0.8658625000000001,0.33749999999999997,0.2812,0.3819883667768031,0.5067307593504045,Moderate,High-High,1.1469130738484081
Bukhara,64.048,39.776,0.5189502098670622,0.8658625000000001,0.33749999999999997,0.2812,0.3893888991137479,0.507877841862631,Moderate,High-High,1.166672048870376
Bukhara,64.084,39.808,0.520326452447337,0.8658625000000001,0.33749999999999997,0.2812,0.39856384964891334,0.5092999591955816,Moderate,High-High,1.190318835873049
Bukhara,64.12,39.84,0.5219406059326106,0.8658625000000001,0.33749999999999997,0.2812,0.4093248728840704,0.510967917797031,Moderate,High-High,1.2171720073183334
Bukhara,64.156,39.872,0.523673788478376,0.8658625000000001,0.33749999999999997,0.2812,0.4208794231891733,0.5127588730943219,Moderate,High-High,1.245174602487346
Bukhara,64.19200000000001,39.904,0.5252764157172248,0.8658625000000001,0.33749999999999997,0.2812,0.4315636047814985,0.5144149212411323,Moderate,High-High,1.2704217181612645
Bukhara,64.228,39.936,0.5263848552193718,0.8658625000000001,0.33749999999999997,0.2812,0.4389532014624785,0.5155603087266842,Moderate,High-High,1.2875473191976101
Bukhara,64.264,39.968,0.5266617739315701,0.8658625000000001,0.33749999999999997,0.2812,0.4407993262104672,0.5158464580626224,Moderate,High-High,1.2917550479153808
Bukhara,64.3,40.0,0.5260109497263963,0.8658625000000001,0.33749999999999997,0.2812,0.4364604981759748,0.5151739397172761,Moderate,High-High,1.2817028963096375
Bukhara,64.336,40.032,0.5246507935784145,0.8658625000000001,0.33749999999999997,0.2812,0.4273927905227631,0.5137684450310284,Moderate,High-High,1.2604642991830866
Bukhara,64.372,40.064,0.5229549530943518,0.8658625000000001,0.33749999999999997,0.2812,0.4160871872956784,0.5120160765308301,Moderate,High-High,1.2334265023796949
Bukhara,64.408,40.096,0.5212488277234841,0.8658625000000001,0.33749999999999997,0.2812,0.40471301815656097,0.510253080314267,Moderate,High-High,1.2054951098054922
Bukhara,64.444,40.128,0.5197249728251593,0.8658625000000001,0.33749999999999997,0.2812,0.39455398550106185,0.5086784302526646,Moderate,High-High,1.1797839066055202
Bukhara,64.48,40.16,0.5184590056269981,0.8658625000000001,0.33749999999999997,0.2812,0.3861142041799869,0.507370264147898,Moderate,High-High,1.1577021955547044
Bukhara,64.516,40.192,0.51745492718418,0.8658625000000001,0.33749999999999997,0.2812,0.37942034789453244,0.5063327164236526,Moderate,High-High,1.1395384789140717
Bukhara,64.552,40.224,0.516682764896736,0.8658625000000001,0.33749999999999997,0.2812,0.37427259931157353,0.5055348153932939,Moderate,High-High,1.1249979353235993
Bukhara,64.58800000000001,40.256,0.5161014468095989,0.8658625000000001,0.33749999999999997,0.2812,0.3703971453973259,0.5049341200365856,Moderate,High-High,1.1135531866631787
Bukhara,64.624,40.288,0.5156703669602305,0.8658625000000001,0.33749999999999997,0.2812,0.36752327973486965,0.5044886708589048,Moderate,High-High,1.0921161580877754
Bukhara,64.66,40.32,0.515354203692923,0.8658625000000001,0.33749999999999997,0.2812,0.3654155246194862,0.5041619688160204,Moderate,High-High,1.0727962825774735
Bukhara,64.696,40.352,0.5151242277145842,0.8658625000000001,0.33749999999999997,0.2812,0.36388235143056097,0.503924326971737,Moderate,High-High,1.0551124212148928
Bukhara,64.732,40.384,0.514957995104994,0.8658625000000001,0.33749999999999997,0.2812,0.36277413403329295,0.5037525532751604,Moderate,High-High,1.0386858902059704
Bukhara,64.768,40.416,0.514838426098112,0.8658625000000001,0.33749999999999997,0.2812,0.3619770073207465,0.5036289986347158,Moderate,High-High,1.0232295542527114
Bukhara,64.804,40.448,0.5147527551702251,0.8658625000000001,0.33749999999999997,0.2812,0.36140586780150086,0.5035404720092327,Moderate,High-High,1.008533491327703
Bukhara,64.84,40.48,0.5146915635270288,0.8658625000000001,0.33749999999999997,0.2812,0.36099792351352544,0.5034772406445964,Moderate,High-High,0.9944502910218116
Bukhara,64.876,40.512,0.5146479675644035,0.8658625000000001,0.33749999999999997,0.2812,0.3607072837626897,0.5034321914832169,Moderate,High-High,0.9752906521066501
Bukhara,64.912,40.544,0.5146169726693027,0.8658625000000001,0.33749999999999997,0.2812,0.36050065112868485,0.5034001634249462,Moderate,High-High,0.9613355596657517
Bukhara,64.94800000000001,40.576,0.5145949750429115,0.8658625000000001,0.33749999999999997,0.2812,0.3603540002860762,0.5033774325443419,Moderate,High-High,0.9470507818975094
Bukhara,64.98400000000001,40.608,0.514579385846812,0.8658625000000001,0.33749999999999997,0.2812,0.36025007231207956,0.5033613237083724,Moderate,High-High,0.9319107799729818
Bukhara,65.02,40.64,0.5145683519097933,0.8658625000000001,0.33749999999999997,0.2812,0.3601765127319554,0.5033499219734532,Moderate,High-High,0.9151764000589334
Bukhara,65.056,40.672,0.5145605504749083,0.8658625000000001,0.33749999999999997,0.2812,0.3601245031660551,0.5033418604907386,Moderate,High-High,0.895973512876821
Bukhara,65.092,40.704,0.5145550396097437,0.8658625000000001,0.33749999999999997,0.2812,0.36008776406495746,0.5033361659300685,Moderate,High-High,0.8747621400735529
Bukhara,65.128,40.736,0.5145511498809204,0.8658625000000001,0.33749999999999997,0.2812,0.3600618325394694,0.5033321465436178,Moderate,High-High,0.8498997269569132
Bukhara,65.164,40.768,0.5145484063037795,0.8658625000000001,0.33749999999999997,0.2812,0.36004354202519623,0.5033293115139055,Moderate,High-High,0.8167378556048913
Bukhara,65.2,40.8,0.5145464723312395,0.8658625000000001,0.33749999999999997,0.2812,0.36003064887492986,0.5033273130756142,Moderate,High-High,0.7522192442517607
Namangan,70.8,40.8,0.3679340921259783,0.5346249999999999,0.33749999999999997,0.06,0.45043561417318856,0.30292814519684425,Low,Not significant,0.43341962685026947
Namangan,70.824,40.808,0.3679474640833585,0.5346249999999999,0.33749999999999997,0.06,0.45052476055572355,0.3029419628861371,Low,Not significant,0.4301639744298669
Namangan,70.848,40.815999999999995,0.3679635669405471,0.5346249999999999,0.33749999999999997,0.06,0.45063211293698113,0.30295860250523204,Low,Not significant,0.4287081967091468
Namangan,70.872,40.824,0.36798295666703107,0.5346249999999999,0.33749999999999997,0.06,0.4507613777802072,0.3029786385559321,Low,Not significant,0.4277257546657902
Namangan,70.896,40.832,0.36800630184875616,0.5346249999999999,0.33749999999999997,0.06,0.45091701232504144,0.30300276191038145,Low,Not significant,0.42693946664629007
Namangan,70.92,40.839999999999996,0.36803440630445905,0.5346249999999999,0.33749999999999997,0.06,0.4511043753630605,0.3030318031812744,Low,Not significant,0.42624575639835577
Namangan,70.944,40.848,0.36806823617338774,0.5346249999999999,0.33749999999999997,0.06,0.4513299078225853,0.3030667607125007,Low,Not significant,0.42559288374154175
Namangan,70.968,40.855999999999995,0.3681089523312264,0.5346249999999999,0.33749999999999997,0.06,0.45160134887484304,0.3031088340756007,Low,Not significant,0.42494935700710434
Namangan,70.992,40.864,0.3681579491439085,0.5346249999999999,0.33749999999999997,0.06,0.45192799429272346,0.3031594641153721,Low,Not significant,0.42429290411027226
Namangan,71.01599999999999,40.872,0.3682169007439971,0.5346249999999999,0.33749999999999997,0.06,0.45232100495998084,0.30322038076879704,Low,Not significant,0.4236059351625166
Namangan,71.03999999999999,40.879999999999995,0.36828781621193735,0.5346249999999999,0.33749999999999997,0.06,0.45279377474624927,0.3032936600856686,Low,Not significant,0.4228735997176919
Namangan,71.064,40.888,0.3683731052634832,0.5346249999999999,0.33749999999999997,0.06,0.45336236842322153,0.30338179210559935,Low,Not significant,0.42208318632180586
Namangan,71.088,40.896,0.36847565628057594,0.5346249999999999,0.33749999999999997,0.06,0.45404604187050646,0.30348776148992845,Low,Not significant,0.42122452502962365
Namangan,71.112,40.903999999999996,0.36859892876621786,0.5346249999999999,0.33749999999999997,0.06,0.4548678584414526,0.3036151430584252,Low,Not significant,0.420291529493341
Namangan,71.136,40.912,0.3687470625359933,0.5346249999999999,0.33749999999999997,0.06,0.45585541690662235,0.30376821462052644,Low,Not significant,0.419285492011779
Namangan,71.16,40.92,0.3689250061469722,0.5346249999999999,0.33749999999999997,0.06,0.4570417076464818,0.30395208968520465,Low,Not significant,0.41822157840854274
Namangan,71.184,40.928,0.36913866715232896,0.5346249999999999,0.33749999999999997,0.06,0.4584661143488601,0.3041728727240733,Low,Not significant,0.41694549745753084
Namangan,71.208,40.936,0.3693950866619794,0.5346249999999999,0.33749999999999997,0.06,0.46017557774652973,0.30443783955071213,Low,Not significant,0.4157603284801735
Namangan,71.232,40.944,0.36970264022703053,0.5346249999999999,0.33749999999999997,0.06,0.46222593484687047,0.3047556449012649,Low,Not significant,0.41470736271374486
Namangan,71.256,40.952,0.3700712659842282,0.5346249999999999,0.33749999999999997,0.06,0.4646834398948547,0.3051365581837025,Low,Not significant,0.41477319688671654
Namangan,71.28,40.96,0.3701893570442898,0.5346249999999999,0.33749999999999997,0.06,0.46547071362859904,0.30525858561243285,Low,Not significant,0.4195096781409251
Namangan,71.304,40.967999999999996,0.3657201397035299,0.5346249999999999,0.33749999999999997,0.06,0.43567593135686633,0.30064039436031426,Low,Not significant,0.4595804657647112
Namangan,71.328,40.976,0.36137040493066663,0.5346249999999999,0.33749999999999997,0.06,0.4066776995377779,0.29614566842835555,Low,Low-Low,0.5026139628015737
Namangan,71.352,40.984,0.3571673528814184,0.5346249999999999,0.33749999999999997,0.06,0.3786573525427893,0.2918025146441323,Low,Low-Low,0.5466351473497453
Namangan,71.376,40.992,0.35314762837392355,0.5346249999999999,0.33749999999999997,0.06,0.3518591891594906,0.287648799319721,Low,Low-Low,0.5898523784332116
Namangan,71.4,41.0,0.34936529652949644,0.5346249999999999,0.33749999999999997,0.06,0.32664364352997655,0.2837403897471463,Low,Low-Low,0.630908816424765
Namangan,71.42399999999999,41.008,0.3459137921885846,0.5346249999999999,0.33749999999999997,0.06,0.30363361459056426,0.28017383526153744,Low,Low-Low,0.6673128198268197
Namangan,71.448,41.016,0.3429998375859805,0.5346249999999999,0.33749999999999997,0.06,0.2842072505732035,0.2771627488388465,Low,Low-Low,0.6954931325409793
Namangan,71.472,41.024,0.3412362143458084,0.5346249999999999,0.33749999999999997,0.06,0.27244976230538964,0.2753403381573354,Low,Low-Low,0.7076481175943417
Namangan,71.496,41.032000000000004,0.34232947975190353,0.5346249999999999,0.33749999999999997,0.06,0.2797381983460239,0.2764700457436337,Low,Low-Low,0.6890320587574337
Namangan,71.52,41.04,0.34713469529100327,0.5346249999999999,0.33749999999999997,0.06,0.31177296860668857,0.2814354351340367,Low,Low-Low,0.6343485992108884
Namangan,71.544,41.048,0.35380983582447445,0.5346249999999999,0.33749999999999997,0.06,0.3562739054964966,0.288333080351957,Low,Low-Low,0.5608995656548346
Namangan,71.568,41.056,0.36123446091712896,0.5346249999999999,0.33749999999999997,0.06,0.40577140611419327,0.29600519294769995,Low,Not significant,0.4814729274091101
Namangan,71.592,41.064,0.3689578230133047,0.5346249999999999,0.33749999999999997,0.06,0.457260486755365,0.3039860004470816,Low,Not significant,0.4032308736246824
Namangan,71.616,41.072,0.37660751447380986,0.5346249999999999,0.33749999999999997,0.06,0.5082584298253993,0.31189068162293687,Low,Not significant,0.33065521766694744
Namangan,71.64,41.08,0.38371236689346294,0.5346249999999999,0.33749999999999997,0.06,0.5556241126230866,0.3192323624565784,Low,Not significant,0.26812405284940505
Namangan,71.664,41.088,0.38974369935475084,0.5346249999999999,0.33749999999999997,0.06,0.5958329956983391,0.32546473933324255,Low,Not significant,0.2184500616252252
Namangan,71.688,41.096000000000004,0.39436929770083096,0.5346249999999999,0.33749999999999997,0.06,0.6266703180055402,0.3302445242908587,Low,Not significant,0.18322501516711998
Namangan,71.712,41.104,0.39551910105819343,0.5346249999999999,0.33749999999999997,0.06,0.6343356737212898,0.3314326544267999,Low,Not significant,0.17237482427725587
Namangan,71.736,41.112,0.3929917169317729,0.5346249999999999,0.33749999999999997,0.06,0.6174864462118199,0.32882102416283204,Low,Not significant,0.18532826918919523
Namangan,71.76,41.120000000000005,0.3901006985946055,0.5346249999999999,0.33749999999999997,0.06,0.5982129906307034,0.32583363854775904,Low,Not significant,0.2026396871235793
Namangan,71.784,41.128,0.387193663860464,0.5346249999999999,0.33749999999999997,0.06,0.5788327590697603,0.32282970265581284,Low,Not significant,0.22163090337274438
Namangan,71.80799999999999,41.136,0.38446561124957496,0.5346249999999999,0.33749999999999997,0.06,0.5606457416638332,0.3200107149578941,Low,Not significant,0.24095267864073522
Namangan,71.832,41.144000000000005,0.3820056060776408,0.5346249999999999,0.33749999999999997,0.06,0.5442457071842722,0.3174687096135622,Low,Not significant,0.2592597747263727
Namangan,71.856,41.152,0.3798407534820369,0.5346249999999999,0.33749999999999997,0.06,0.5298133565469129,0.31523169526477146,Low,Not significant,0.2765185276748464
Namangan,71.88,41.160000000000004,0.37796524732870995,0.5346249999999999,0.33749999999999997,0.06,0.5173099821914001,0.313293672239667,Low,Not significant,0.2919566074516711
Namangan,71.904,41.168,0.3763573783089693,0.5346249999999999,0.33749999999999997,0.06,0.5065908553931289,0.311632207585935,Low,Not significant,0.3057130700904486
Namangan,71.928,41.176,0.3749889727965072,0.5346249999999999,0.33749999999999997,0.06,0.49746815197671523,0.3102181885563909,Low,Not significant,0.3180824161517947
Namangan,71.952,41.184000000000005,0.3738304449392563,0.5346249999999999,0.33749999999999997,0.06,0.48974463292837556,0.3090210431038982,Low,Not significant,0.3284155813517084
Namangan,71.976,41.192,0.37285338087366465,0.5346249999999999,0.33749999999999997,0.06,0.4832308724910981,0.30801141023612016,Low,Not significant,0.33723602865384333
Namangan,72.0,41.2,0.37203175270664157,0.5346249999999999,0.33749999999999997,0.06,0.47775335137761055,0.30716239446352966,Low,Not significant,0.3435855083700729
