longitude,latitude,region,sample_id,water_body_type,settlement_distance_m,population_1km,nightlight_intensity,agricultural_pressure_m,urban_pressure_m,pollution_sources_nearby,water_quality_index,vegetation_density,buffer_ndvi_30m,buffer_ndvi_100m,riparian_vegetation_width_m,buffer_intact,erosion_severity,erosion_score,land_use_change_5yr,ndvi_change_5yr,temporal_stability,development_intensity,disturbance_score,uncertainty,confidence_lower,confidence_upper,disturbance_category,assessment_date,methodology_version
59.46805592132731,42.22768057544848,Karakalpakstan,Karakalpakstan_001,canal,3165.604432088257,12.67157415151988,2.721499420481554,121.37584111955775,341.7197783955871,0,60.95383430672936,0.48307575827764476,0.472717463772416,0.43319756667884796,14.70599034174229,0,2,1.0467675908522658,stable,0.016250516447883962,1,2.734170994633074,0.43888110721530355,0.5,0.38888110721530356,0.48888110721530353,High,2025-08-11T14:57:29.078078,2.0_offline
59.46798356100861,45.32109938038667,Karakalpakstan,Karakalpakstan_002,reservoir,6390.661333763098,77.96344231649218,1.6024934833714408,174.5827640660661,180.46693331184514,0,64.33984540332018,0.5483963997730583,0.545353195399321,0.5553601652321121,103.02295524963066,1,0,0.21002314314471582,stable,0.00038000662124299526,1,1.680456925687933,0.22297391489901064,0.0,0.22297391489901064,0.22297391489901064,Moderate,2025-08-11T14:57:29.078184,2.0_offline
59.1742508365046,45.37971211576096,Karakalpakstan,Karakalpakstan_003,irrigation_channel,2598.05156917394,16.24586765509311,0.7636675198387087,445.8229941482022,370.097421541303,3,56.56272202259156,0.4667802902728523,0.4815863041260811,0.48766471204724343,36.76466909073361,1,0,0.2650662684562272,stable,0.00905872653067019,1,0.7799133874938018,0.30141454442120014,0.0,0.30141454442120014,0.30141454442120014,Moderate,2025-08-11T14:57:29.078252,2.0_offline
61.5985284373248,44.829390718407616,Karakalpakstan,Karakalpakstan_004,canal,7314.528057601519,17.012342187190807,0.41574176759759335,567.9119686239463,134.27359711992403,1,52.21308085556731,0.3331567382903171,0.45631884391458144,0.3713770662449993,31.926936956005292,1,2,1.0185162043106146,stable,-0.02337356075239064,1,0.4327541097847842,0.4768689348256997,0.0,0.4768689348256997,0.4768689348256997,High,2025-08-11T14:57:29.078304,2.0_offline
60.803345035229626,43.066148192106795,Karakalpakstan,Karakalpakstan_005,irrigation_channel,14338.876262394628,44.30209411013759,0.06763221635639391,144.02481724693789,0.0,0,66.57922676265531,0.42650701382972533,0.39819212734958676,0.5630354101240023,56.06744235076735,1,0,-0.9843209259455792,stable,0.0013712594961205467,1,0.11193431046653149,0.19706196853810345,0.0,0.19706196853810345,0.19706196853810345,Low,2025-08-11T14:57:29.078355,2.0_offline
61.124217733388136,42.34185239902234,Karakalpakstan,Karakalpakstan_006,irrigation_channel,4889.587009811017,9.177425398928698,0.8522295523788406,212.54970814516204,255.52064950944913,3,66.7177126036103,0.33206458797617544,0.3629466302517327,0.42943025173458427,41.17268630187393,1,1,0.7276418979905798,stable,0.03731549022289513,1,0.8614069777777693,0.3516821285495889,0.0,0.3516821285495889,0.3516821285495889,Moderate,2025-08-11T14:57:29.078401,2.0_offline
59.061753482887404,44.39481559279255,Karakalpakstan,Karakalpakstan_007,irrigation_channel,2539.4986730802448,32.26015640378616,0.3988077091666815,416.95301735653214,373.02506634598774,3,49.37884915094413,0.44992374401769747,0.46698134275852965,0.5466743016726282,47.962599114932296,1,0,0.2578021790481469,stable,0.05440338333179238,0,0.43106786557046767,0.3132172932378283,0.5,0.26321729323782833,0.3632172932378283,Moderate,2025-08-11T14:57:29.078447,2.0_offline
61.909729556485985,43.540533728088604,Karakalpakstan,Karakalpakstan_008,canal,246.16481080688615,6.883364110161833,7.069362537827329,246.90522260170712,487.6917594596557,7,33.390348449041355,0.4780921634484214,0.48100259937072143,0.3866545396219716,43.95333781530843,1,2,1.058804918348637,stable,0.018102439199131185,1,7.076245901937491,0.5728742822773937,0.0,0.5728742822773937,0.5728742822773937,High,2025-08-11T14:57:29.078495,2.0_offline
61.49732792240127,42.42713382195672,Karakalpakstan,Karakalpakstan_009,reservoir,20179.50047367915,10.98022170418453,0.9463225567925295,576.9875306374637,0.0,3,59.26699720650022,0.3084378518155118,0.42417078014918724,0.15905663640817197,51.43990485815255,1,0,-0.3462461085883858,agricultural_expansion,-0.021826732636836182,1,0.9573027784967141,0.2870502160726108,0.0,0.2870502160726108,0.2870502160726108,Moderate,2025-08-11T14:57:29.078545,2.0_offline
59.63701733203483,43.73311918538945,Karakalpakstan,Karakalpakstan_010,irrigation_channel,14696.479404457354,59.677233363298285,0.023289357954896568,877.9700928267033,0.0,3,62.00420767835446,0.27217397103816265,0.29742333498718554,0.3414343865717724,2.738584459987552,0,1,0.6663715328299038,stable,0.018907633801751346,1,0.08296659131819485,0.3935167989648442,0.5,0.3435167989648442,0.4435167989648442,Moderate,2025-08-11T14:57:29.078596,2.0_offline
59.545474901621304,42.120359823903264,Karakalpakstan,Karakalpakstan_011,canal,30981.034985563063,71.2651091827586,0.3386110994109542,103.38085026872048,0.0,0,82.36363020854799,0.4799799731479088,0.5021709445552203,0.5419506974222558,21.62725677647701,1,0,0.11365822594200292,stable,-0.03989923143115298,1,0.40987620859371277,0.15371359206613144,0.0,0.15371359206613144,0.15371359206613144,Low,2025-08-11T14:57:29.078637,2.0_offline
59.5502135295603,45.18262140727574,Karakalpakstan,Karakalpakstan_012,irrigation_channel,10081.14536040912,5.4728918887654805,0.0010262266507127527,276.3356943996119,0.0,1,78.53048980646368,0.40724230349347745,0.41291817075603987,0.4602127574551612,76.19306392648599,1,0,-0.6570566620007675,stable,0.008786542802068684,1,0.006499118539478233,0.18918912031373314,0.0,0.18918912031373314,0.18918912031373314,Low,2025-08-11T14:57:29.078679,2.0_offline
59.91272672887861,42.90572993560006,Karakalpakstan,Karakalpakstan_013,reservoir,2178.9626094045,18.020357867351912,0.7161848335076817,302.0241806258583,391.051869529775,1,59.25316988718163,0.4437650602813856,0.47283076698317184,0.37744545940761987,26.952025195965486,1,0,-0.5882898763730288,stable,-0.02441140208563709,1,0.7342051913750336,0.28894289857516203,0.0,0.28894289857516203,0.28894289857516203,Moderate,2025-08-11T14:57:29.078721,2.0_offline
60.574269294896716,44.318827995238934,Karakalpakstan,Karakalpakstan_014,reservoir,19548.39157166249,94.90342312594089,0.3661479581436865,201.14033007493327,0.0,2,68.5195730284546,0.39355701392415404,0.3870498612057698,0.5465424251113518,61.080365459180314,1,0,-0.5889823885232258,stable,-0.024283772255754645,1,0.4610513812696274,0.20897399797844962,0.0,0.20897399797844962,0.20897399797844962,Moderate,2025-08-11T14:57:29.078762,2.0_offline
60.29583505592635,43.09098876631294,Karakalpakstan,Karakalpakstan_015,irrigation_channel,15588.310318487418,19.841054033877437,0.0016565054273268243,145.34283536222335,0.0,0,69.75205844513653,0.3853251121299656,0.3571388844897669,0.3506608395777608,40.70969156158781,1,0,-0.36082654170686923,stable,0.004640998747152726,1,0.02149755946120426,0.19818011981456818,0.0,0.19818011981456818,0.19818011981456818,Low,2025-08-11T14:57:29.078810,2.0_offline
59.87368742059412,43.82023807412234,Karakalpakstan,Karakalpakstan_016,canal,4630.552604753125,9.791902599241025,0.9509705025496585,53.163902157699994,268.47236976234376,0,75.32488922801616,0.43913720919210436,0.5026941204911501,0.5008062573092276,46.933159770438344,1,0,0.4877983566017069,stable,0.004481849636208336,1,0.9607624051488995,0.21671764943715732,0.0,0.21671764943715732,0.21671764943715732,Moderate,2025-08-11T14:57:29.078857,2.0_offline
60.83555868416714,43.91348597770148,Karakalpakstan,Karakalpakstan_017,canal,8071.096637333488,20.340061226774644,1.1933414350843599,356.5363047529422,96.44516813332558,2,61.1053947036759,0.5118565900987962,0.48188695782659513,0.5944646224202343,55.01245623530063,1,1,0.600146280577255,stable,0.037523416784317726,1,1.2136814963111344,0.32100844656462674,0.0,0.32100844656462674,0.32100844656462674,Moderate,2025-08-11T14:57:29.078905,2.0_offline
59.41848158195612,42.64699059433934,Karakalpakstan,Karakalpakstan_018,irrigation_channel,1774.736541004884,5.36430483169278,13.829672567949594,254.82573702003873,411.2631729497558,7,37.205403926976594,0.5160316280882735,0.4935283545143113,0.5658596226760734,76.113300052953,1,0,0.06283591128260085,stable,0.021208936282209358,1,13.835036872781286,0.40955491617285933,0.0,0.40955491617285933,0.40955491617285933,High,2025-08-11T14:57:29.078951,2.0_offline
59.876433945605655,45.39354619717596,Karakalpakstan,Karakalpakstan_019,canal,1205.3912139846927,93.8193380100921,6.164587788236624,760.198806882386,439.73043930076534,4,33.676190094080084,0.6445702305992292,0.6274547986680092,0.7292441895471963,56.328373388499216,1,2,1.3538205651077693,stable,-0.0027415564208370592,1,6.258407126246715,0.5749637582044812,0.0,0.5749637582044812,0.5749637582044812,High,2025-08-11T14:57:29.079012,2.0_offline
60.09908552988107,44.7129648817639,Karakalpakstan,Karakalpakstan_020,irrigation_channel,5050.801312991798,53.599909343894886,1.5615585105008782,74.01298208244117,247.45993435041012,0,65.84964275685533,0.4306435492323474,0.4244979839047746,0.4246192568519375,19.363495845514286,1,0,0.20402245542980338,stable,-0.019714520926710874,1,1.615158419844773,0.24284387719907322,0.0,0.24284387719907322,0.24284387719907322,Moderate,2025-08-11T14:57:29.079062,2.0_offline
60.36820995265111,45.288246295474664,Karakalpakstan,Karakalpakstan_021,canal,417.27212717565305,33.24972563596334,3.782204914636774,157.0155073220468,479.13639364121735,0,31.33975814151266,0.45697766887280067,0.4587408464713871,0.4981447881280438,64.90894134752217,1,1,0.6660325383722479,stable,-0.00441939199066446,1,3.8154546402727374,0.4549848394568626,0.0,0.4549848394568626,0.4549848394568626,High,2025-08-11T14:57:29.079109,2.0_offline
61.35552788417904,45.13189572649677,Karakalpakstan,Karakalpakstan_022,canal,2348.9903118153325,15.255625234101599,0.6123545004733951,44.9825597079766,382.5504844092334,0,67.48414669985218,0.5949459361912708,0.5989200587821477,0.466430230570665,123.65915671209385,1,0,0.14418861045446402,stable,-0.0009558175474707602,1,0.6276101257074967,0.21419944925129916,0.0,0.21419944925129916,0.21419944925129916,Moderate,2025-08-11T14:57:29.079153,2.0_offline
59.59902134647508,44.0926499258388,Karakalpakstan,Karakalpakstan_023,canal,1275.6310328478125,24.983678022031903,8.8942209363239,265.3668574090893,436.21844835760936,3,45.26919120303019,0.6944982769269761,0.6958828235077867,0.7046875152099485,100.63264179240232,1,0,0.19334206822071748,stable,-0.011847878484777384,1,8.919204614345933,0.3517234613465541,0.0,0.3517234613465541,0.3517234613465541,Moderate,2025-08-11T14:57:29.079198,2.0_offline
60.542703315240836,45.22655982258091,Karakalpakstan,Karakalpakstan_024,canal,22707.514493559152,8.465585923009515,0.0032187269714485447,313.31518012424465,0.0,4,67.71243232343237,0.4548218085142848,0.37135154445821617,0.4982906239046796,25.385681982280204,1,1,0.6889708973922548,stable,-0.009172385538859979,1,0.01168431289445806,0.2883924681249807,0.0,0.2883924681249807,0.2883924681249807,Moderate,2025-08-11T14:57:29.079238,2.0_offline
60.77724370658613,42.30972375718172,Karakalpakstan,Karakalpakstan_025,irrigation_channel,3405.6336843654176,14.780128367194562,0.31811398638985466,312.82193032317866,329.71831578172913,0,57.69583249157191,0.5079646183929334,0.5800430494258284,0.366345163325582,77.22237634134594,1,0,0.31218394600469557,stable,-0.012079703734316412,1,0.3328941147570492,0.2670842928854172,0.0,0.2670842928854172,0.2670842928854172,Moderate,2025-08-11T14:57:29.079278,2.0_offline
59.139351238159996,42.68594001846701,Karakalpakstan,Karakalpakstan_026,canal,13513.931531886221,64.57207628311511,0.009768158633880659,310.40843358015786,0.0,0,68.75200949750904,0.4910229795472536,0.5090619007809251,0.5871200933203692,29.394559395134046,1,0,-0.009844035756368719,stable,-0.04460659815251778,1,0.07434023491699576,0.19607563080271695,0.0,0.19607563080271695,0.19607563080271695,Low,2025-08-11T14:57:29.079319,2.0_offline
60.82263455570431,42.158295511186886,Karakalpakstan,Karakalpakstan_027,irrigation_channel,2642.4253099706525,15.81282522665512,2.300677375283628,307.022502837029,367.87873450146736,2,59.27390972964018,0.47289763693332837,0.448527885737271,0.5052032816276728,19.487130679889447,1,0,-0.1793947561586074,urbanization,-0.22371526658618973,0,2.316490200510283,0.2959216156180798,0.5,0.2459216156180798,0.34592161561807977,Moderate,2025-08-11T14:57:29.079360,2.0_offline
59.511572371061874,43.13865615767143,Karakalpakstan,Karakalpakstan_028,canal,17218.07963541003,30.02512346548212,0.006119690610863082,224.9794436898068,0.0,0,64.64956025699868,0.46649451884455,0.48716626400573504,0.6166381838491952,23.75595150101659,1,0,-0.3303369456550018,stable,-0.017816866849021555,1,0.036144814076345205,0.20026136822683677,0.0,0.20026136822683677,0.20026136822683677,Moderate,2025-08-11T14:57:29.079399,2.0_offline
61.172459664033596,41.57479120587585,Khorezm,Khorezm_001,canal,8320.441036761806,1.9645836473053613,3.4010345764193026,25.478837549023748,83.97794816190975,0,59.73974939836571,0.7836452764619803,0.7447544420824366,0.7546939987633401,112.13386368128172,1,0,0.01000542936070331,stable,0.025431101899883176,1,3.402999160066608,0.17296601349072743,0.0,0.17296601349072743,0.17296601349072743,Low,2025-08-11T14:57:29.079455,2.0_offline
61.011777357768935,42.33971123282552,Khorezm,Khorezm_002,canal,11144.147228278518,11.8874085361285,0.23275023882633022,354.82992613788105,0.0,1,65.84591130497363,0.7329643143684913,0.7637610947157045,0.5993819806030193,200.0,1,0,-0.37246021285862124,stable,0.020980184516737787,1,0.24463764736245872,0.15964468360376718,0.0,0.15964468360376718,0.15964468360376718,Low,2025-08-11T14:57:29.079499,2.0_offline
61.22290847086929,41.19269198873192,Khorezm,Khorezm_003,irrigation_channel,3120.617098152729,5.582131247701639,4.273780704077711,70.58706250647064,343.96914509236353,1,55.6415001001756,0.7073114113051011,0.6891308006944084,0.7027557614074157,128.26352833753865,1,0,-1.3551508113396808,stable,-0.0257689475951465,1,4.279362835325413,0.2487024239063843,0.0,0.2487024239063843,0.2487024239063843,Moderate,2025-08-11T14:57:29.079543,2.0_offline
60.03622036764168,41.193906403792454,Khorezm,Khorezm_004,canal,185.61887410766008,22.216103798938576,1.5851875771924746,367.3186023886241,490.719056294617,1,38.92680845746883,0.9,0.9255148194791162,0.7527300614934684,69.62140124100668,1,0,-0.11596888446517825,urbanization,-0.09681854007497107,0,1.6074036809914132,0.2685601385780314,0.5,0.21856013857803142,0.3185601385780314,Moderate,2025-08-11T14:57:29.079587,2.0_offline
61.7442478178883,41.975002496219496,Khorezm,Khorezm_005,canal,3406.5219195414597,76.80823951112944,0.4487622821406769,139.7348752769068,329.673904022927,2,77.93487900779648,0.7320654105431028,0.7895290768573866,0.6758112965330318,113.55293122780002,1,1,0.8906782760313832,stable,0.009994752402242206,1,0.5255705216518064,0.2497307715567676,0.0,0.2497307715567676,0.2497307715567676,Moderate,2025-08-11T14:57:29.079631,2.0_offline
61.86423656496722,41.40443588177961,Khorezm,Khorezm_006,irrigation_channel,3176.5361498803204,34.21263804784443,0.11059826798444942,500.53491728428077,341.17319250598393,2,61.366717572935485,0.7501842938426102,0.8042233301203413,0.7138847491596949,143.34199221649902,1,0,0.056148631671337296,stable,0.004153753743262223,1,0.14481090603229385,0.2299072857502556,0.0,0.2299072857502556,0.2299072857502556,Moderate,2025-08-11T14:57:29.079672,2.0_offline
61.130266367178415,40.94920964587996,Khorezm,Khorezm_007,reservoir,345.3552354421181,6.813755656746146,9.565322155415089,496.8006721607518,482.7322382278941,3,18.047260016606067,0.7412769220913522,0.7319333398832842,0.7060984374294182,186.17409894953104,1,0,0.09525645446172877,stable,-0.02698927142851047,1,9.572135911071834,0.4334613576094951,0.0,0.4334613576094951,0.4334613576094951,High,2025-08-11T14:57:29.079713,2.0_offline
61.39330164775379,41.404879032265384,Khorezm,Khorezm_008,canal,20409.816863741813,36.07151374333136,0.00022619391896128307,400.9524394574487,0.0,3,65.78381331562252,0.7488279325521539,0.7265528064821153,0.86509869072157,193.87055541027712,1,0,-0.3581334392234932,stable,-0.02012231786166992,1,0.03629770766229264,0.15912500788069198,0.0,0.15912500788069198,0.15912500788069198,Low,2025-08-11T14:57:29.079756,2.0_offline
61.84499876235459,40.7817140407596,Khorezm,Khorezm_009,canal,430.0478093734732,7.022280635804058,1.1827373140677346,114.10114763181505,478.49760953132636,2,49.70360867345208,0.5698194795420011,0.5366246338646677,0.5831356561990455,136.6895398402547,1,0,-0.33202037074953217,urbanization,-0.08819937786562992,0,1.1897595947035386,0.28171123888461147,0.5,0.23171123888461148,0.33171123888461146,Moderate,2025-08-11T14:57:29.079801,2.0_offline
61.4144772686268,40.85277397301245,Khorezm,Khorezm_010,canal,15122.407575727966,12.231700136767648,1.7897724365201788,240.14493012207313,0.0,1,72.37631756468039,0.4380984549058359,0.41927082235472257,0.45433229657393986,14.627081037618886,0,0,-0.05610701898126785,stable,0.0032939565487428114,1,1.8020041366569464,0.20966220826824883,0.5,0.15966220826824884,0.2596622082682488,Moderate,2025-08-11T14:57:29.079842,2.0_offline
60.30507808582852,41.49673554547896,Khorezm,Khorezm_011,canal,21959.580984800337,34.58773373191869,0.0834170136338888,485.6455397181028,0.0,2,66.89789591815065,0.5751928647451239,0.6346125284175281,0.6716431109813509,129.84828357101296,1,1,0.6762055550410107,stable,0.03693414651472067,1,0.11800474736580749,0.2842435699934756,0.0,0.2842435699934756,0.2842435699934756,Moderate,2025-08-11T14:57:29.079881,2.0_offline
61.15257672033363,41.3378508990091,Khorezm,Khorezm_012,irrigation_channel,10742.66569384876,45.626203114933645,0.2821629210517014,358.3777938367544,0.0,1,62.522587713649834,0.5641600034624799,0.5444930628461118,0.5461029116569333,115.14188357873974,1,0,-0.17439267907825365,stable,0.0009287309631229762,1,0.327789124166635,0.20123849450554618,0.0,0.20123849450554618,0.20123849450554618,Moderate,2025-08-11T14:57:29.079919,2.0_offline
61.21343009276571,42.3296918021362,Khorezm,Khorezm_013,irrigation_channel,7764.970067776713,14.764442629572159,1.4197459319031194,364.52751057722037,111.75149661116433,2,61.109807096005426,0.6720079755418119,0.6538601115933765,0.6859791170912382,55.01683662377844,1,0,0.11477053663637571,agricultural_expansion,-0.04829400525206706,1,1.4345103745326915,0.2109393699943504,0.0,0.2109393699943504,0.2109393699943504,Moderate,2025-08-11T14:57:29.079963,2.0_offline
60.84826134260477,41.224787798233265,Khorezm,Khorezm_014,canal,3909.8577021723017,11.872141589426997,3.806146554237566,256.0731525419581,304.5071148913849,3,59.11444094921247,0.8009915604130197,0.7727876288761832,0.7831985381365744,73.6380625375408,1,1,0.8819156446311365,stable,-0.021401695326523053,1,3.8180186958269933,0.3143697087984779,0.0,0.3143697087984779,0.3143697087984779,Moderate,2025-08-11T14:57:29.080027,2.0_offline
61.47288847124945,41.661176700556084,Khorezm,Khorezm_015,reservoir,5265.045758454232,15.780325493092283,1.5897405115068706,278.96896948071077,236.74771207728844,3,59.98304693010537,0.7282216043792088,0.760357742372586,0.8345538067898033,123.35676287256885,1,0,-0.08622464840616223,stable,0.0074995587667941776,1,1.605520836999963,0.21385384739361146,0.0,0.21385384739361146,0.21385384739361146,Moderate,2025-08-11T14:57:29.080076,2.0_offline
61.86873402953803,41.76452857583906,Khorezm,Khorezm_016,canal,2237.9967489163614,9.417790275533287,0.535478503874458,264.3400768753467,388.1001625541819,2,58.086325220278255,0.8876843486819715,0.9257050814891864,0.9174548599694244,136.0576809422475,1,0,-0.606416529499021,stable,-0.0009542271228395971,1,0.5448962941499912,0.19638847483521105,0.0,0.19638847483521105,0.19638847483521105,Low,2025-08-11T14:57:29.080117,2.0_offline
61.85113702581355,40.52618891317667,Khorezm,Khorezm_017,canal,6909.259562090075,90.32355704557439,2.394072376782535,147.63594750174562,154.53702189549625,0,64.10049148778023,0.5059018545363448,0.477342905047205,0.5517084770448375,183.46037904169526,1,1,0.7526861017809366,stable,0.036239602482697426,1,2.484395933828109,0.31674008682328403,0.0,0.31674008682328403,0.31674008682328403,Moderate,2025-08-11T14:57:29.080155,2.0_offline
60.901678742808265,41.827074744033425,Khorezm,Khorezm_018,reservoir,12520.674728720262,28.729536178021437,0.46318805816522424,285.81055771075495,0.0,2,71.02690540829252,0.6080285531738203,0.5564497408303124,0.5656846941701227,142.6573630332233,1,0,0.1344156701328647,stable,0.0007600695633640058,1,0.49191759434324567,0.16984071026315886,0.0,0.16984071026315886,0.16984071026315886,Low,2025-08-11T14:57:29.080194,2.0_offline
60.22647609168151,40.8560719337395,Khorezm,Khorezm_019,canal,11401.477952753687,22.647089091042396,0.0026063051295621693,226.806674878602,0.0,3,60.058595308752935,0.33233865614698044,0.25069104211988125,0.28651718218309835,54.23024843388518,1,1,0.6517666647979832,stable,-0.012511254030190589,1,0.025253394220604564,0.3196816129164976,0.0,0.3196816129164976,0.3196816129164976,Moderate,2025-08-11T14:57:29.080238,2.0_offline
61.96968239792467,42.42214063493891,Khorezm,Khorezm_020,irrigation_channel,23972.53206289245,29.838620173662306,0.016143009806637614,262.51543351908686,0.0,2,75.18365213133296,0.7789616344660502,0.7142275606800048,0.8718277774563317,96.64810507339567,1,0,-0.6221558945476555,stable,-0.041903150453599707,1,0.04598162998029992,0.12055172849583574,0.0,0.12055172849583574,0.12055172849583574,Low,2025-08-11T14:57:29.080279,2.0_offline
61.67779617289187,40.797325455506225,Khorezm,Khorezm_021,reservoir,5636.7719068559245,25.898210981494632,2.0173225790082996,97.82568706696901,218.16140465720378,0,69.33117741203098,0.6347704810264486,0.6562725633860022,0.6105058040715727,131.50315881955078,1,0,-0.4893545000357565,stable,-0.0007444447301968318,1,2.0432207899897943,0.19732253627582372,0.0,0.19732253627582372,0.19732253627582372,Low,2025-08-11T14:57:29.080319,2.0_offline
60.24932536240653,41.329248247454046,Khorezm,Khorezm_022,canal,1302.3387998311675,41.78928960762109,5.074033676315584,181.6138472866422,434.8830600084416,5,47.83264253022108,0.5947411584819733,0.5478177629716808,0.6462826112427175,126.8734766811169,1,0,0.10165782165859233,stable,0.017401354613775084,1,5.115822965923205,0.31993855663232573,0.0,0.31993855663232573,0.31993855663232573,Moderate,2025-08-11T14:57:29.080364,2.0_offline
61.84168376523475,40.670699336157284,Khorezm,Khorezm_023,reservoir,11496.36234984622,32.972764020262694,0.12359137298341769,300.8724761716279,0.0,3,71.58566609309973,0.35707626793711644,0.40733339660101736,0.3368858644599605,43.58299755090046,1,1,0.8043107148924209,stable,0.023789409778492813,1,0.15656413700368038,0.3003996365469102,0.0,0.3003996365469102,0.3003996365469102,Moderate,2025-08-11T14:57:29.080403,2.0_offline
61.73979272412426,42.4937485036919,Khorezm,Khorezm_024,reservoir,14366.83368820512,5.884914339450699,0.4538273602880103,242.90558471916518,0.0,0,68.3710451498095,0.7004666321114399,0.6508970146386245,0.5281954230231427,90.45094425531617,1,0,-1.3195725762074637,stable,0.021793297300329226,1,0.459712274627461,0.15205226449628415,0.0,0.15205226449628415,0.15205226449628415,Low,2025-08-11T14:57:29.080444,2.0_offline
61.03767611425214,41.504390020662484,Khorezm,Khorezm_025,canal,4776.903447798999,93.12830079495076,1.2317204833945252,496.0710620786334,261.15482761005006,2,67.62712597453299,0.7492452149215363,0.7919159928605517,0.7290303598814591,132.06523876073646,1,0,-0.11824683458772728,stable,-0.005613501537335482,1,1.324848784189476,0.21692552325789238,0.0,0.21692552325789238,0.21692552325789238,Moderate,2025-08-11T14:57:29.080487,2.0_offline
61.18255087148986,41.69077003464009,Khorezm,Khorezm_026,canal,3671.437871612786,24.044208365643325,3.4085785246775475,598.3241978895451,316.4281064193607,1,51.65228345954751,0.669188624494305,0.6772124348442473,0.5942103805875992,183.35035103439904,1,1,0.5388029719152871,urbanization,-0.11766156465417706,0,3.432622733043191,0.38781390459766785,0.5,0.33781390459766786,0.43781390459766784,Moderate,2025-08-11T14:57:29.080529,2.0_offline
60.79800540774026,40.63415295477685,Khorezm,Khorezm_027,reservoir,21559.46530154033,23.085746873836793,0.026010191186138523,96.94057591338631,0.0,0,81.96499060056892,0.43588869323070667,0.476033774137991,0.3910528411115447,83.7102143151074,1,0,-0.6889338011809089,stable,-0.023751968380590256,1,0.049095938059975315,0.1590772971246592,0.0,0.1590772971246592,0.1590772971246592,Low,2025-08-11T14:57:29.080566,2.0_offline
60.109523277644065,41.999920940798354,Khorezm,Khorezm_028,irrigation_channel,19862.94263211878,27.380216039093238,0.023488070471694697,273.88522231292035,0.0,1,67.88334464870495,0.6882234249681869,0.6496082237018631,0.8224394900943022,93.50601358711135,1,0,-0.4512189531254605,stable,-0.010682966993761936,1,0.05086828651078794,0.15448583080535266,0.0,0.15448583080535266,0.15448583080535266,Low,2025-08-11T14:57:29.080605,2.0_offline
60.6703944832918,40.91981118619117,Khorezm,Khorezm_029,canal,895.5087106390794,6.680686269076077,3.3312144880442873,272.2712862883379,455.224564468046,3,41.546271335900286,0.5278892632725838,0.6115178826144689,0.5614107840218674,88.13355764850155,1,1,0.6438327853823632,stable,-0.019813847772754068,1,3.3378951743133634,0.4235527030491904,0.0,0.4235527030491904,0.4235527030491904,High,2025-08-11T14:57:29.080649,2.0_offline
61.60570689719602,42.29610857888143,Khorezm,Khorezm_030,irrigation_channel,1016.744837023609,37.69070773468061,12.356580111853313,219.6412946869087,449.16275814881953,7,30.928445798838222,0.8289514677192176,0.8213279759001904,0.7433039206603694,81.8629834867222,1,0,-1.4072015691543553,stable,0.010159826538250873,1,12.394270819587994,0.3616913580494938,0.0,0.3616913580494938,0.3616913580494938,Moderate,2025-08-11T14:57:29.080696,2.0_offline
60.00926404600921,40.91027928096401,Khorezm,Khorezm_031,irrigation_channel,7250.082520454396,19.963968793352574,2.326910060944662,208.62975597804532,137.4958739772802,0,65.0225261380096,0.4612482627998399,0.4896703131126476,0.5092157918623594,27.788019819439626,1,0,-0.1945482641888522,stable,0.000563623147382565,1,2.3468740297380144,0.24266139215578955,0.0,0.24266139215578955,0.24266139215578955,Moderate,2025-08-11T14:57:29.080738,2.0_offline
60.66699834338229,40.881375441327336,Khorezm,Khorezm_032,irrigation_channel,17286.751754099376,19.903209564143317,0.008781394442667012,262.60062415319413,0.0,1,72.69594052658364,0.3279457945582372,0.3533336780738122,0.33226486803390065,11.849531840016132,0,0,-0.21655572555949903,stable,-0.024193894856822152,1,0.02868460400681033,0.21556586849057283,0.5,0.1655658684905728,0.26556586849057284,Moderate,2025-08-11T14:57:29.080792,2.0_offline
60.796337387181886,40.57309933569619,Khorezm,Khorezm_033,irrigation_channel,10503.968393246198,36.595626180316856,0.011555777984393514,233.30813262367735,0.0,1,75.42684783869238,0.48834969955272783,0.503472185270734,0.4381154206124119,36.96786535697073,1,0,-0.60775710716898,stable,0.018991082708826476,1,0.04815140416471037,0.17528869171608452,0.0,0.17528869171608452,0.17528869171608452,Low,2025-08-11T14:57:29.080832,2.0_offline
62.522841506960795,40.14387846692108,Bukhara,Bukhara_001,canal,22549.168980590206,9.190059748910489,0.21756764677942378,271.92713885769945,0.0,3,64.78782612440219,0.547372922558102,0.5072482858975196,0.6512778285458661,78.88105941965908,1,0,-0.4867777421021412,stable,0.02371408309325994,1,0.22675770652833427,0.19041005419062854,0.0,0.19041005419062854,0.19041005419062854,Low,2025-08-11T14:57:29.080885,2.0_offline
65.54641686096187,39.86313200367988,Bukhara,Bukhara_002,river,211.67418451615129,129.3787271893992,9.292643983449468,161.19076444677938,489.4162907741924,3,24.468153060794837,0.7446206651555533,0.7910126715596151,0.8610701603620425,200.0,1,1,0.9305137644346817,urbanization,-0.1735042149302351,0,9.422022710638867,0.4692246413478285,0.5,0.4192246413478285,0.5192246413478285,High,2025-08-11T14:57:29.080933,2.0_offline
63.79913859528529,41.033071248218846,Bukhara,Bukhara_003,reservoir,2543.963878709439,15.583754090699257,0.07090636088594952,372.92228075303234,372.801806064528,0,58.73429130019854,0.7570342795308431,0.7486781938415226,0.7796406755699071,104.97723209993563,1,1,0.5353283157658704,stable,-0.020776036560051118,1,0.08649011497664878,0.3085352949615166,0.0,0.3085352949615166,0.3085352949615166,Moderate,2025-08-11T14:57:29.080978,2.0_offline
62.77849004728306,38.79424774235273,Bukhara,Bukhara_004,river,41779.26595016945,99.83117266483701,0.013581961741964157,422.61114292430227,0.0,3,69.2029014427302,0.3904466767897776,0.4281137578450043,0.42093934758039986,67.32339860548552,1,2,1.4783084649797262,restoration,0.11925152837025875,0,0.11341313440680117,0.393566774059749,0.5,0.343566774059749,0.443566774059749,Moderate,2025-08-11T14:57:29.081041,2.0_offline
63.47103740350916,39.964723411065336,Bukhara,Bukhara_005,river,5133.192567214193,17.95635833512206,0.6452570513475787,374.79105229465,243.34037163929037,1,66.49539769398447,0.6688460106422814,0.6135306015808644,0.7266365192685031,100.19970057624457,1,0,0.3718466693448798,stable,-0.041882412553275544,1,0.6632134096827008,0.21385229755576035,0.0,0.21385229755576035,0.21385229755576035,Moderate,2025-08-11T14:57:29.081084,2.0_offline
63.65651901011571,38.95014599408195,Bukhara,Bukhara_006,river,4968.005994559315,410.4732563955892,0.5290306211813804,87.06141432401667,251.59970027203426,0,74.10529762928242,0.45878347358725546,0.5358889712156493,0.6192709046399854,92.00198859385239,1,2,1.5252772827181111,stable,-0.00014085597849471034,1,0.9395038775769696,0.38254051193962724,0.0,0.38254051193962724,0.38254051193962724,Moderate,2025-08-11T14:57:29.081129,2.0_offline
65.3101515822675,39.47402778067018,Bukhara,Bukhara_007,river,603.3502607505761,263.7206360528098,9.871044296064323,174.0728148514594,469.8324869624712,2,25.941684687946314,0.6395237440667605,0.5883144028503002,0.7878511493734955,173.53321882698057,1,2,1.1559066654147174,stable,0.023972827439821022,1,10.134764932117132,0.5747607030069385,0.0,0.5747607030069385,0.5747607030069385,High,2025-08-11T14:57:29.081176,2.0_offline
64.93445752224561,40.712071232163396,Bukhara,Bukhara_008,river,2039.2473795035091,5.339677298898768,0.20998715766265616,117.18146937193454,398.0376310248246,1,53.16528015064594,0.7032912777365228,0.623556124373183,0.6737848593691196,132.5069279371993,1,0,0.02367812706856942,stable,-0.05744524426563299,0,0.2153268349615549,0.22658824409193623,0.5,0.17658824409193624,0.2765882440919362,Moderate,2025-08-11T14:57:29.081217,2.0_offline
65.07721957456536,39.9280543881063,Bukhara,Bukhara_009,canal,6860.9441459685,400.819442352413,0.7393171357953948,328.8986225807048,156.952792701575,3,57.17407831080017,0.5700615927200334,0.5587376481249571,0.5994508332653277,157.27019627652615,1,0,-0.055861245497959344,stable,-0.010521560644239177,1,1.1401365781478079,0.23947367177917778,0.0,0.23947367177917778,0.23947367177917778,Moderate,2025-08-11T14:57:29.081259,2.0_offline
62.04412505771459,39.62766485543731,Bukhara,Bukhara_010,river,23691.251181454838,53.68730427433016,0.009694636688838403,69.95859900521367,0.0,0,68.9894434424567,0.47156074957704275,0.3934334567327156,0.42923653538933915,54.07544814734549,1,0,-0.0003076117334965822,stable,0.0015998676111828678,1,0.06338194096316857,0.1753386425098311,0.0,0.1753386425098311,0.1753386425098311,Low,2025-08-11T14:57:29.081303,2.0_offline
63.66461599271905,39.6834288357101,Bukhara,Bukhara_011,river,1211.4644357562017,82.8877547049654,4.057439322471984,187.61076672543751,439.4267782121899,1,47.546320349938135,0.745194422044708,0.7495016161970267,0.6438871815946516,112.60851736838661,1,1,0.8549286029270455,stable,0.018078696821723906,1,4.140327077176949,0.36528017240065713,0.0,0.36528017240065713,0.36528017240065713,Moderate,2025-08-11T14:57:29.081344,2.0_offline
63.92537660654129,39.87834030521796,Bukhara,Bukhara_012,canal,7884.074743037924,55.97764693705141,0.5437663061124702,174.3217645535271,105.79626284810377,0,67.13715060176644,0.5547506493721841,0.5608841651719239,0.684724926049749,128.9471573858211,1,0,0.04443997759411883,stable,0.0063494386946218034,1,0.5997439530495217,0.1940746243350938,0.0,0.1940746243350938,0.1940746243350938,Low,2025-08-11T14:57:29.081393,2.0_offline
62.07676910729223,40.85504963151117,Bukhara,Bukhara_013,canal,275.43278636881524,52.54646398244027,5.136440222385938,163.64735196030747,486.22836068155925,3,36.202287808909254,0.5724190701701828,0.6408401678938166,0.5366333185174827,176.83140217830174,1,0,-0.10451973335810727,stable,0.0023544243476182032,1,5.188986686368378,0.3543004665100934,0.0,0.3543004665100934,0.3543004665100934,Moderate,2025-08-11T14:57:29.081435,2.0_offline
63.03925283498014,41.176254066820704,Bukhara,Bukhara_014,river,19461.64980513362,39.699706486469466,0.020405165140052393,353.65596126493244,0.0,1,76.89684687215751,0.5593586893174324,0.5714205962001998,0.5529873780177752,134.8301872261166,1,2,1.3093053240947872,stable,0.028646840624350033,1,0.06010487162652185,0.33696787990162363,0.0,0.33696787990162363,0.33696787990162363,Moderate,2025-08-11T14:57:29.081474,2.0_offline
65.04115929248854,41.36600405951179,Bukhara,Bukhara_015,river,1770.157444826844,56.78484006557026,4.508226596588436,372.96120523971,411.49212775865783,4,48.25624625735244,0.9,0.8954415440221907,0.7207960081184398,95.51844591164841,1,1,0.9807976024547637,stable,-0.004778641983393886,1,4.565011436654006,0.35149089487293816,0.0,0.35149089487293816,0.35149089487293816,Moderate,2025-08-11T14:57:29.081518,2.0_offline
62.548438822916,40.86071015876588,Bukhara,Bukhara_016,river,4276.208615560561,35.156541586569475,3.925823176995162,217.4190227563113,286.18956922197196,4,51.14602952686779,0.7069763711773595,0.7331896050595179,0.7766801549739389,67.66631183904941,1,0,-0.37840180721574657,restoration,0.07337882954250134,0,3.9609797185817315,0.26059280155553677,0.5,0.21059280155553678,0.31059280155553676,Moderate,2025-08-11T14:57:29.081565,2.0_offline
64.14124052581036,39.446220687244036,Bukhara,Bukhara_017,canal,27855.49445909374,83.15913980892307,0.43251238797695546,354.79289970507983,0.0,3,57.95132410873076,0.58555525324391,0.5810285891287019,0.5678063809402855,133.41800510822793,1,0,0.4402352923053011,stable,-0.005190933551678344,1,0.5156715277858785,0.20762230638212326,0.0,0.20762230638212326,0.20762230638212326,Moderate,2025-08-11T14:57:29.081610,2.0_offline
62.86080748806895,40.564404118259624,Bukhara,Bukhara_018,river,32917.24972436397,17.769323249188258,0.538335513494883,486.2235332896078,0.0,0,65.11825071835636,0.6751444469714003,0.6603310747959562,0.590849853439692,76.10754384633518,1,1,0.8500911205835554,stable,0.01798271427374984,1,0.5561048367440712,0.27225134419874203,0.0,0.27225134419874203,0.27225134419874203,Moderate,2025-08-11T14:57:29.081650,2.0_offline
62.04848309857557,39.81280937216618,Bukhara,Bukhara_019,river,822.6176032410242,131.78418344729258,3.4812947478247356,278.2704935324888,458.8691198379488,2,49.83890223111936,0.6604271759471776,0.6930913346096544,0.8754299252029344,55.0149692882198,1,1,0.5723183280574935,stable,-0.0027489702925538374,1,3.613078931272028,0.3843583003233205,0.0,0.3843583003233205,0.3843583003233205,Moderate,2025-08-11T14:57:29.081689,2.0_offline
62.96480583039816,39.264011866138155,Bukhara,Bukhara_020,canal,9977.924596909264,171.30566178355863,3.9857652028163244,407.14103533916733,1.1037701545367327,0,54.23545630504423,0.33253694925823074,0.36011121806025415,0.5158076631845318,38.75480303317709,1,0,0.3719356141282184,restoration,0.01909432495846278,1,4.157070864599883,0.30747207524136144,0.0,0.30747207524136144,0.30747207524136144,Moderate,2025-08-11T14:57:29.081728,2.0_offline
65.90349501964022,41.02261473827777,Bukhara,Bukhara_021,river,35589.988992315906,41.92014284589906,0.019227156470614636,51.46700463962392,0.0,0,75.73459031473159,0.4836621162492074,0.45478561157382974,0.33364831867754785,38.913646089009234,1,0,0.1945669461770605,stable,-0.0038866309084065694,1,0.06114729931651369,0.15755656957782288,0.0,0.15755656957782288,0.15755656957782288,Low,2025-08-11T14:57:29.081770,2.0_offline
65.20614844753196,38.615279046886975,Bukhara,Bukhara_022,river,7080.820297197461,53.39570932830426,2.7578021505925734,166.9060248115196,145.95898514012697,0,55.22714823060233,0.6205899310103318,0.666652315255849,0.5772001452952281,121.1223492146504,1,0,0.26429871535252386,stable,-0.0430363080265861,1,2.8111978599208776,0.23212414618810878,0.0,0.23212414618810878,0.23212414618810878,Moderate,2025-08-11T14:57:29.081810,2.0_offline
65.83830657728413,41.20528597640627,Bukhara,Bukhara_023,river,5429.146641838808,23.035028068653304,1.0305581949669496,279.4144298059413,228.54266790805957,3,61.8770861937332,0.7236850238181112,0.7616319538242086,0.6746900338468761,130.67727202323783,1,1,0.5897625522205171,restoration,0.03512812981533559,1,1.0535932230356029,0.2876009315794038,0.0,0.2876009315794038,0.2876009315794038,Moderate,2025-08-11T14:57:29.081854,2.0_offline
63.95141617570545,39.8844323938742,Bukhara,Bukhara_024,river,6655.329742231592,28.262338144143218,1.2698514568098918,57.61185055055946,167.23351288842042,0,71.93068636398299,0.5984661968640499,0.5387843552762259,0.67199853075285,161.76412348214828,1,0,0.19260286517255776,stable,-0.03638615857329447,1,1.298113794954035,0.1802727378370834,0.0,0.1802727378370834,0.1802727378370834,Low,2025-08-11T14:57:29.081892,2.0_offline
62.43894479471001,40.411604430424845,Bukhara,Bukhara_025,river,4638.9818297259,23.764094505404984,3.85415645736881,415.301369416894,268.050908513705,1,51.083195659093434,0.6518835016905096,0.6438162911079199,0.6069100595642454,106.5273943401527,1,2,1.4347364555409616,stable,-0.023668123765330625,1,3.8779205518742152,0.4546405537478652,0.0,0.4546405537478652,0.4546405537478652,High,2025-08-11T14:57:29.081931,2.0_offline
65.42165890273509,39.58422284235363,Samarqand,Samarqand_001,river,50910.412639424605,77.49660387256856,0.16513313137998092,249.4741490205088,0.0,1,83.85157358049813,0.37764108819424624,0.4660969232074106,0.40228513135457444,29.666843325507514,1,1,0.6614492652869086,stable,0.017463388613869316,1,0.2426297352525495,0.2674756807880642,0.0,0.2674756807880642,0.2674756807880642,Moderate,2025-08-11T14:57:29.081981,2.0_offline
66.4567690989782,39.57826785710538,Samarqand,Samarqand_002,river,6211.532794591166,53.72260238590102,1.641357869669326,21.253441089178384,189.42336027044166,0,74.47082249656499,0.6637444868408425,0.7995418154564866,0.6421670043162556,172.05788457103023,1,0,0.21473891488618946,stable,-0.003946768406146522,1,1.695080472055227,0.16579911050873788,0.0,0.16579911050873788,0.16579911050873788,Low,2025-08-11T14:57:29.082081,2.0_offline
65.0826101596084,39.510580656381755,Samarqand,Samarqand_003,reservoir,5783.014619474765,45.534581015996665,1.9323882300689197,131.41042004876186,210.84926902626177,0,62.590636022412724,0.5761198244672331,0.6333892838946007,0.5335952694877886,81.71063590180901,1,0,-0.6519597107589911,agricultural_expansion,-0.020354894756975352,1,1.9779228110849163,0.22414242353139255,0.0,0.22414242353139255,0.22414242353139255,Moderate,2025-08-11T14:57:29.082129,2.0_offline
66.51636535373135,39.81211141102138,Samarqand,Samarqand_004,canal,17966.38936493401,152.61837516871412,0.34269240835175596,234.2603152229318,0.0,3,72.51111140254498,0.4417294099880187,0.43217702549066717,0.3978542362418595,38.74973296123811,1,0,0.28341720568933504,stable,-0.03787229333907571,1,0.4953107835204701,0.19501103455480417,0.0,0.19501103455480417,0.19501103455480417,Low,2025-08-11T14:57:29.082170,2.0_offline
67.89205222135311,39.23121756476773,Samarqand,Samarqand_005,river,6943.964967713936,70.5239556706736,2.0334260257330987,255.49769740562596,152.8017516143032,1,58.11026536046214,0.5018665146445216,0.5369033289011664,0.48070532733967275,50.23620504746301,1,1,0.9440144680301403,stable,0.0004627744619633574,1,2.1039499814037725,0.3362490319802506,0.0,0.3362490319802506,0.3362490319802506,Moderate,2025-08-11T14:57:29.082217,2.0_offline
66.1526201389574,39.83056722803702,Samarqand,Samarqand_006,canal,1311.5784425231068,55.12245358203029,9.328924381508354,419.1348462607201,434.42107787384464,5,39.59494862504475,0.5736610187641863,0.5904229531176837,0.49786164796628435,90.903678987635,1,1,0.713923377292245,stable,0.016501965293352693,1,9.384046835090384,0.4903283469884592,0.0,0.4903283469884592,0.4903283469884592,High,2025-08-11T14:57:29.082262,2.0_offline
65.11698803772474,39.812557218615005,Samarqand,Samarqand_007,river,1074.6538274379352,19.2872400729407,2.0347323825829173,65.35695788067471,446.26730862810325,2,53.87248744861925,0.708190939278591,0.6790530063980119,0.833693227606819,68.18920163841759,1,2,1.0779411302471813,stable,0.02472261443612436,1,2.0540196226558582,0.41129949222255147,0.0,0.41129949222255147,0.41129949222255147,High,2025-08-11T14:57:29.082308,2.0_offline
65.09286737275804,40.14285271890731,Samarqand,Samarqand_008,reservoir,12124.772028770874,26.018757636962988,0.41829477877561694,103.2810529404283,0.0,0,72.87728994132446,0.6002360058540661,0.4854269581972042,0.48787086528849477,65.6305039667001,1,0,-0.8238151632792106,stable,0.02904935068941491,1,0.4443135364125799,0.14896945960470648,0.0,0.14896945960470648,0.14896945960470648,Low,2025-08-11T14:57:29.082349,2.0_offline
66.16396027984061,40.25047494290638,Samarqand,Samarqand_009,river,10710.559234713095,189.9829145895625,0.02327202032575885,125.6605060408059,0.0,0,66.99074886508562,0.5355847877454343,0.5918565269661727,0.6594247680593558,86.18650911860172,1,0,0.39018169267544495,stable,0.012063748621646862,1,0.21325493491532135,0.17360014467397572,0.0,0.17360014467397572,0.17360014467397572,Low,2025-08-11T14:57:29.082385,2.0_offline
65.48007480938958,39.66066202546864,Samarqand,Samarqand_010,river,7253.85087988406,132.81925440262285,0.6954936338300508,29.696810739422904,137.30745600579695,0,64.77167283913101,0.6137240624425315,0.7343548335231773,0.6764924054743734,114.20190972801518,1,0,0.30811072725602295,stable,0.021072247984873203,1,0.8283128882326737,0.17956077019037023,0.0,0.17956077019037023,0.17956077019037023,Low,2025-08-11T14:57:29.082421,2.0_offline
65.07005628898456,39.45349987402724,Samarqand,Samarqand_011,canal,7366.729262027567,22.916212496683674,0.928299085700314,154.18900399305176,131.66353689862171,0,71.82421401900427,0.5955837850617092,0.5222075217740871,0.6746773186103494,67.50702511147125,1,0,0.1813558029534592,stable,0.0048790639581700055,1,0.9512152981969977,0.18191539886571803,0.0,0.18191539886571803,0.18191539886571803,Low,2025-08-11T14:57:29.082462,2.0_offline
67.26864084185053,39.38900234597564,Samarqand,Samarqand_012,river,3608.48969982313,48.23545289012187,0.13970941866524345,73.66120168568641,319.57551500884347,5,67.14468533060598,0.5735290406679341,0.6376112304181225,0.618144325525944,74.7388896081129,1,1,0.8694310245746641,stable,-0.023400353011978247,1,0.18794487155536532,0.2915200506739834,0.0,0.2915200506739834,0.2915200506739834,Moderate,2025-08-11T14:57:29.082503,2.0_offline
66.37556902664568,39.29193575505731,Samarqand,Samarqand_013,river,24947.854019627048,151.15026000020538,0.04219643390769816,170.40997196316403,0.0,0,74.75081127920245,0.56983910397605,0.5790761329208362,0.5274440824190508,124.58396732882078,1,0,0.4405359231298601,stable,0.027456969493530603,1,0.19334669390790354,0.15550502078178055,0.0,0.15550502078178055,0.15550502078178055,Low,2025-08-11T14:57:29.082540,2.0_offline
65.86773431591796,39.08647137329854,Samarqand,Samarqand_014,river,1812.2189742519365,9.88730308217527,4.508992743926685,185.14327354947875,409.38905128740316,1,53.35212406912736,0.5283931909694446,0.5378784993499643,0.47543461674571585,133.61082286510023,1,2,1.0473198316058687,stable,-0.019229767393110754,1,4.51888004700886,0.47939526585266995,0.0,0.47939526585266995,0.47939526585266995,High,2025-08-11T14:57:29.082577,2.0_offline
67.70024954904945,39.51367196825207,Samarqand,Samarqand_015,canal,10984.137455189628,147.97195893168612,0.013235603317686487,132.67842257643528,0.0,0,78.43326434610869,0.38017135336404184,0.35666924597606675,0.40144161173620574,28.923756985507836,1,0,0.33926940853544035,stable,-0.015159844450373475,1,0.1612075622493726,0.1819791185151115,0.0,0.1819791185151115,0.1819791185151115,Low,2025-08-11T14:57:29.082614,2.0_offline
65.34841688060158,39.40537153819618,Samarqand,Samarqand_016,reservoir,49989.5607590235,8.334306592187858,0.001008512388736803,37.11767648064968,0.0,0,68.22501629181356,0.33763691175675686,0.23913172087116508,0.4090446988207016,18.0206301592686,1,0,0.2272259125003982,stable,-0.030525419934444242,1,0.00934281898092466,0.19982778090289574,0.0,0.19982778090289574,0.19982778090289574,Low,2025-08-11T14:57:29.082650,2.0_offline
67.86775648686596,40.44962607879961,Samarqand,Samarqand_017,river,366.835056113271,56.77469369394723,6.062887638492089,114.71191106890879,481.65824719433647,4,38.90279638326392,0.6853778092550702,0.7314603148512931,0.6565064957011016,22.681193706767516,1,0,0.09941781754654555,urbanization,-0.10907844405179844,0,6.119662332186037,0.3300353968903599,0.5,0.2800353968903599,0.38003539689035987,Moderate,2025-08-11T14:57:29.082693,2.0_offline
65.94190015213206,39.83656323937507,Samarqand,Samarqand_018,river,738.1693700302627,2.398739454416946,6.0098393618392985,89.76294352276783,463.09153149848686,4,47.24654711842389,0.6546969817361515,0.6209115777780709,0.6574291751351935,75.49592933706845,1,0,0.20054794710635893,urbanization,-0.13532894517620286,0,6.012238101293716,0.3131299145059089,0.5,0.2631299145059089,0.36312991450590887,Moderate,2025-08-11T14:57:29.082739,2.0_offline
67.66521101692604,39.52091555854576,Samarqand,Samarqand_019,canal,5492.7057938722555,13.755615734803044,0.35430742311080665,43.916433349572365,225.36471030638722,0,67.35846800874995,0.5453620156079184,0.6164805086928438,0.49748794078043357,124.7571285126864,1,0,-0.23666509083816,stable,0.010450282105315149,1,0.3680630388456097,0.19808764113028782,0.0,0.19808764113028782,0.19808764113028782,Low,2025-08-11T14:57:29.082778,2.0_offline
66.80882862943838,39.87070140149054,Samarqand,Samarqand_020,reservoir,433.484105221125,119.16869699527106,1.7764223603939873,260.76338034501254,478.3257947389437,6,43.94489601469253,0.674565094353191,0.7165121193766716,0.6251848394294371,93.3355743437605,1,0,-0.6601181301082731,stable,0.02116414093887815,1,1.8955910573892583,0.2939783069192121,0.0,0.2939783069192121,0.2939783069192121,Moderate,2025-08-11T14:57:29.082817,2.0_offline
67.48012207922446,39.208795052018544,Samarqand,Samarqand_021,river,29391.755305092014,168.18627528975753,0.12313637490617839,185.9570597552908,0.0,0,68.74206164774924,0.4842697124056126,0.4083760250715721,0.4557073763410839,56.49534448824035,1,2,1.0050201429973487,stable,0.036384463665994425,1,0.2913226501959359,0.3538375333675341,0.0,0.3538375333675341,0.3538375333675341,Moderate,2025-08-11T14:57:29.082854,2.0_offline
67.95203948963139,39.666065623803306,Samarqand,Samarqand_022,reservoir,1975.4356015995488,57.278405003627284,6.169277282758917,333.9604423727849,401.2282199200225,5,50.6405354806373,0.778274373179418,0.7854437965465306,0.6980766186509465,75.04046877693892,1,0,-1.0825396771749742,stable,0.022253767499798505,1,6.226555687762544,0.2989098885057491,0.0,0.2989098885057491,0.2989098885057491,Moderate,2025-08-11T14:57:29.082897,2.0_offline
65.86521631345624,39.9393514821316,Samarqand,Samarqand_023,river,15313.656485833337,28.704050474904818,0.2677091303877313,23.310514044026306,0.0,0,76.47628318081306,0.42548260733932036,0.4979075688339667,0.5471097463240806,27.984931923264014,1,0,0.19046583626008023,stable,-0.019143018297900858,1,0.2964131808626361,0.16724609538353882,0.0,0.16724609538353882,0.16724609538353882,Low,2025-08-11T14:57:29.082935,2.0_offline
67.88340645622277,39.73334674768868,Samarqand,Samarqand_024,river,7312.665687059473,41.40986522705125,0.4260452126132931,77.35717310826301,134.36671564702635,0,78.32566677094363,0.4808717870426582,0.43477879638639255,0.4005551972761383,40.780455251465746,1,1,0.7846524831880983,stable,-0.0016676855054858618,1,0.46745507784034435,0.2630729178191981,0.0,0.2630729178191981,0.2630729178191981,Moderate,2025-08-11T14:57:29.082973,2.0_offline
70.49459511316107,40.80394895120301,Tashkent,Tashkent_001,canal,24598.08232896316,196.08316581396747,0.09418710237552859,392.45110684475947,0.0,3,63.50557137991046,0.4475870518082913,0.40839876852897145,0.3923437676229905,21.772201573511687,1,0,0.08136589911295466,stable,0.03229953637822297,1,0.2902702681894961,0.22561926024489176,0.0,0.22561926024489176,0.22561926024489176,Moderate,2025-08-11T14:57:29.083048,2.0_offline
70.59401928047475,41.3813788066641,Tashkent,Tashkent_002,river,30259.99956634014,662.2483477476627,0.5671403994017413,34.69320004827584,0.0,0,75.39650033960642,0.6337859056494531,0.6679523552900066,0.6170408000831042,165.56838918122557,1,2,1.44905763605905,stable,0.022139295326052834,1,1.229388747149404,0.3048796923338848,0.0,0.3048796923338848,0.3048796923338848,Moderate,2025-08-11T14:57:29.083091,2.0_offline
69.06960811143017,41.55170939162621,Tashkent,Tashkent_003,stream,9949.206573550216,388.30068219670846,2.313618855493563,53.44672354350646,2.5396713224891414,0,70.38753525072778,0.6965441842141127,0.7395235785631028,0.6413132541230185,115.17007915345734,1,0,-0.08366338476211582,stable,0.028872640069376284,1,2.7019195376902716,0.15266091108534866,0.0,0.15266091108534866,0.15266091108534866,Low,2025-08-11T14:57:29.083150,2.0_offline
68.0604427368579,41.52016782817046,Tashkent,Tashkent_004,river,1749.0427012821895,485.68382389773035,6.522809805404744,73.70889258941443,412.5478649358905,2,51.63883961979247,0.8371409912768735,0.8645851830427417,0.8167445277925777,109.86779093858203,1,0,0.4759145370512367,stable,0.021297534785804758,1,7.008493629302475,0.26863212779739015,0.0,0.26863212779739015,0.26863212779739015,Moderate,2025-08-11T14:57:29.083196,2.0_offline
71.8600614778179,41.11222753630005,Tashkent,Tashkent_005,river,2155.0166000817744,5.987064240194976,1.6784547326987618,241.33618488525468,392.2491699959113,2,52.046640146837795,0.8587093096410756,0.8439548139291803,0.867677705387037,200.0,1,0,0.061376808224428314,urbanization,-0.025635220514724125,1,1.6844417969389567,0.22398026973541102,0.0,0.22398026973541102,0.22398026973541102,Moderate,2025-08-11T14:57:29.083236,2.0_offline
69.00357218276442,40.523092337536966,Tashkent,Tashkent_006,river,9358.627276617397,18.79467807922475,0.6567871134478882,145.29859780522375,32.068636169130116,0,70.74145622297296,0.5454347431096418,0.5020201065158235,0.5882050699994367,36.59103432113822,1,1,0.5881855010536509,stable,0.005036735012472377,1,0.675581791527113,0.2588594453866221,0.0,0.2588594453866221,0.2588594453866221,Moderate,2025-08-11T14:57:29.083273,2.0_offline
70.70410515221019,41.374389085206396,Tashkent,Tashkent_007,river,4112.919143687304,37.512453171512625,1.7003200361260689,66.20753234856065,294.3540428156348,1,51.65846046928415,0.6312716587966334,0.5756733075079252,0.5435594599045213,153.445972361483,1,1,0.7383364598159969,stable,0.035172409683902665,1,1.7378324892975814,0.32191426518561544,0.0,0.32191426518561544,0.32191426518561544,Moderate,2025-08-11T14:57:29.083313,2.0_offline
70.82651947951484,40.879652308769415,Tashkent,Tashkent_008,canal,6637.722009982694,768.7023632651175,0.6129499082699199,170.85588579358202,168.11389950086533,0,65.25181125545596,0.5130184910263247,0.510877321960746,0.5176603098109963,153.95969466612468,1,0,-0.8105118637505047,stable,-0.0038789880088530727,1,1.3816522715350374,0.22301187550366158,0.0,0.22301187550366158,0.22301187550366158,Moderate,2025-08-11T14:57:29.083416,2.0_offline
70.44002966831795,41.175381369214335,Tashkent,Tashkent_009,canal,5682.2918427952,54.8742123267692,0.3467610493272706,74.1019669674605,215.88540786023998,0,68.12994808195226,0.6318423350654677,0.6955860871294038,0.6151260026475466,200.0,1,0,0.3256998994777201,stable,0.013366809774361617,1,0.4016352616540398,0.1811809973153244,0.0,0.1811809973153244,0.1811809973153244,Low,2025-08-11T14:57:29.083503,2.0_offline
69.2516295768546,41.93637152262573,Tashkent,Tashkent_010,stream,8763.817645917181,426.9896652341818,2.2433277541879626,46.63153207600439,61.80911770414099,0,67.87810614326702,0.694526709143605,0.7093554864006432,0.7315814927650118,123.3903252274864,1,0,0.37504156821437773,stable,0.03729250113646158,1,2.6703174194221444,0.165976140942188,0.0,0.165976140942188,0.165976140942188,Low,2025-08-11T14:57:29.083571,2.0_offline
69.08438501505626,41.09855297646365,Tashkent,Tashkent_011,river,6423.043058166896,784.3806251657613,0.39190444073673375,254.80717149921173,178.84784709165518,1,69.20774984090507,0.7770618329268197,0.8530260291089082,0.8657288478577918,141.60964430824575,1,0,-0.16643559746042902,stable,0.017804950016730176,1,1.176285065902495,0.17024287860552034,0.0,0.17024287860552034,0.17024287860552034,Low,2025-08-11T14:57:29.083620,2.0_offline
70.39067313081081,41.75970240999664,Tashkent,Tashkent_012,river,3140.4228651634817,363.5229122748412,0.41287575685168426,29.673644304188986,342.9788567418259,3,70.23588833382783,0.835396987728518,0.8528794900935027,0.7102127660195536,119.00556849616942,1,0,0.07013441754785432,stable,0.013414818919004068,1,0.7763986691265254,0.15462700541959878,0.0,0.15462700541959878,0.15462700541959878,Low,2025-08-11T14:57:29.083665,2.0_offline
71.46438253444677,40.78281090862388,Tashkent,Tashkent_013,reservoir,17453.47353942262,95.73752737246893,0.5888041869795647,72.81267506640287,0.0,0,72.84161878933975,0.5084840295742433,0.45764987314541844,0.4889575916803072,113.37515886182963,1,0,-0.5114037762829501,stable,-0.02402606699535668,1,0.6845417143520336,0.16674664115663249,0.0,0.16674664115663249,0.16674664115663249,Low,2025-08-11T14:57:29.083713,2.0_offline
71.78693491569358,41.50869074703754,Tashkent,Tashkent_014,river,14454.219963349102,418.97938460121674,0.20618983910460484,277.42221251425883,0.0,4,77.49174221538252,0.7433799172399191,0.7785619980295779,0.7561126328664876,106.6356062929534,1,1,0.5709030774368882,stable,0.012510160336620715,1,0.6251692237058216,0.21366777894306857,0.0,0.21366777894306857,0.21366777894306857,Moderate,2025-08-11T14:57:29.083756,2.0_offline
68.42362321761503,41.965510431658416,Tashkent,Tashkent_015,stream,548.2372639196747,559.9498490681765,14.59990707073488,87.62393735561378,472.58813680401624,4,27.08566587741438,0.9,0.9186746634700862,1.0589648889359553,94.32673721694928,1,1,0.5217515761608271,stable,0.02661734360734335,1,15.159856919803056,0.42881261583466834,0.0,0.42881261583466834,0.42881261583466834,High,2025-08-11T14:57:29.083803,2.0_offline
68.61931445039087,40.65283965130941,Tashkent,Tashkent_016,canal,32421.482115081915,34.1106016757982,0.08075666071800582,765.4699596563222,0.0,2,48.49393192997958,0.5694780922797418,0.5468951184717606,0.6440037937742269,126.19610006250714,1,0,0.06120610762807566,stable,0.012454224478005371,1,0.11486726239380401,0.26681218627366277,0.0,0.26681218627366277,0.26681218627366277,Moderate,2025-08-11T14:57:29.083844,2.0_offline
71.77894503513232,40.51247991334079,Tashkent,Tashkent_017,river,13372.226585696404,568.5180973219998,0.8342686832284444,78.16313845992138,0.0,0,76.87061247455468,0.528835963043246,0.5190126338718412,0.5562813237573208,128.2924906502135,1,0,0.41756149693325917,stable,-0.014931566930804779,1,1.4027867805504441,0.16233576409373804,0.0,0.16233576409373804,0.16233576409373804,Low,2025-08-11T14:57:29.083882,2.0_offline
70.94614091333916,41.15037418894892,Tashkent,Tashkent_018,river,6331.951821699681,71.04186699856486,0.8852245797868785,23.477039418013387,183.40240891501594,0,67.38048536475567,0.7283810079527457,0.6898812046428728,0.6246916748127542,97.07707042972746,1,0,0.3408307424845236,stable,0.01762366686084013,1,0.9562664467854434,0.15898355742684767,0.0,0.15898355742684767,0.15898355742684767,Low,2025-08-11T14:57:29.083922,2.0_offline
71.53197529931909,40.63893822457705,Tashkent,Tashkent_019,river,863.6086383903962,83.90101122187971,1.2014765385310322,118.42370792792676,456.81956808048017,0,54.03417787898325,0.8550397096959493,0.8941078208140749,0.8485917297522084,83.75449832568047,1,0,-0.22776641694859345,stable,-0.046439128346836216,1,1.2853775497529119,0.21414278380523744,0.0,0.21414278380523744,0.21414278380523744,Moderate,2025-08-11T14:57:29.083962,2.0_offline
